AAC_2___IIb	AAC_2___IIb.3003988.KX531051.1.0_723.3860
AAC_2___Ia	AAC_2___Ia.3002523.L06156.263_800.53
AAC_2___Ib	AAC_2___Ib.3002524.U41471.264_852.85
AAC_2___Ic	AAC_2___Ic.3002525.AL123456.3.314308_314854.4719
AAC_2___Id	AAC_2___Id.3002526.U72743.385_1018.228
AAC_2___Ie	AAC_2___Ie.3002527.NC_002677.1.3039191_3039740.4182
AAC_3__II-	AAC_3__IIa.3002533.X13543.1.185_1046.4266	AAC_3__IIc.3002535.X54723.818_1679.616
AAC_3__IIIa	AAC_3__IIIa.3002536.X55652.1123_1939.6
AAC_3__IIIb	AAC_3__IIIb.3002537.L06160.983_1721.188
AAC_3__IIIc	AAC_3__IIIc.3002538.L06161.105_945.9
AAC_3__IIb	AAC_3__IIb.3002534.M97172.655_1465.10
AAC_3__IV	AAC_3__IV.3002539.DQ241380.1.0_777.3715
AAC_3__IXa	AAC_3__IXa.3002543.M55427.273_1119.655
AAC_3__Ia	AAC_3__Ia.3002528.U12338.5055_5520.3369
AAC_3__Ib	AAC_3__Ib.3002530.L06157.554_1085.224
AAC_3__Ib_AAC_6___Ib__	AAC_3__Ib_AAC_6___Ib__.3002600.AF355189.1434_2439.271
AAC_3__Ic	AAC_3__Ic.3002531.AJ511268.1294_1765.47
AAC_3__Id	AAC_3__Id.3002529.AY458224.706_1183.223
AAC_3__VIIIa	AAC_3__VIIIa.3002542.M55426.465_1326.12
AAC_3__VIIa	AAC_3__VIIa.3002541.M22999.492_1359.694
AAC_3__VIa	AAC_3__VIa.3002540.M88012.192_1092.659
AAC_3__Xa	AAC_3__Xa.3002544.AB028210.1.2710_3565.4702
AAC_6___-	AAC_6___33.3002587.JN596280.1202_1757.362	AAC_6___I30.3002588.AY289608.1523_2078.399
AAC_6___30_AAC_6___Ib__fusion_protein	AAC_6___30_AAC_6___Ib__fusion_protein.3002599.AJ584652.1926_2913.186
AAC_6___31	AAC_6___31.3002585.AM283489.2655_3174.267
AAC_6___32	AAC_6___32.3002586.EF614235.2246_2801.310
AAC_6___34	AAC_6___34.3003989.KX531053.1.0_594.3861
AAC_6___I-	AAC_6___Iaf.3002574.AB462903.1199_1751.672	AAC_6___Ip.3002559.NG_047307.2.100_682.4422	AAC_6___Iq.3002560.AF047556.126_678.343
AAC_6___I-_1	AAC_6___Ih.3002555.L29044.351_792.456	AAC_6___It.3002564.AF031328.0_441.736	AAC_6___Iv.3002566.AF031330.0_441.81
AAC_6___I-_2	AAC_6___Is.3002562.AF031327.0_441.669	AAC_6___Iu.3002565.AF031329.0_441.27	AAC_6___Ix.3002568.AF031332.0_441.170
AAC_6___I-_3	AAC_6___Iaa.3002571.NC_003197.1707357_1707795.308	AAC_6___Iy.3002569.AF144880.3541_3979.397
AAC_6___IIa	AAC_6___IIa.3002594.AY123251.2950_3505.460
AAC_6___IIb	AAC_6___IIb.3002595.L06163.531_1074.497
AAC_6___IIc	AAC_6___IIc.3002596.AF162771.61_643.313
AAC_6___IId+	AAC_6___IId.3002548.KC543497.1.404932_405451.3392	AAC_6___Ib.3002546.JQ808129.633_1188.231	AAC_6___Ib10.3002581.U59183.247_859.314	AAC_6___Ib11.3002582.AY136758.377_947.366	AAC_6___Ib3.3002576.FJ854362.1702_2257.141	AAC_6___Ib4.3002577.AF445082.2788_3343.401	AAC_6___Ib8.3002579.NC_025003.1.4171_4849.3719	AAC_6___Ib9.3002580.AF043381.251_863.463	AAC_6___Ib_.3003676.AY660529.1.121_676.4753	AAC_6___Ib_Hangzhou.3002592.FJ503047.0_519.29	AAC_6___Ib_Suzhou.3002591.EU085533.0_519.83	AAC_6___Ib_cr.3002547.DQ303918.0_600.272	ANT_3____Ii_AAC_6___IId_fusion_protein.3002598.AF453998.3554_4946.16	aadA11.3002611.AY758206.2743_3589.13	aadA6.3002606.AM087411.1611_2457.199	aadA6_aadA10.3002622.AM087405.1748_2582.409
AAC_6___Ia	AAC_6___Ia.3002545.M18967.756_1314.547
AAC_6___Iad	AAC_6___Iad.3002572.AB119105.0_435.264
AAC_6___Iae	AAC_6___Iae.3002573.AB104852.1934_2486.583
AAC_6___Iai	AAC_6___Iai.3002575.EU886977.543_1110.708
AAC_6___Iaj	AAC_6___Iaj.3003677.AB709942.1194_1749.3379
AAC_6___Iak	AAC_6___Iak.3003199.AB894482.1.35038_35500.4672
AAC_6___Ib_SK	AAC_6___Ib_SK.3002593.AB164230.35_566.360
AAC_6___Ic	AAC_6___Ic.3002549.M94066.1553_1994.306
AAC_6___Ie_APH_2____Ia	AAC_6___Ie_APH_2____Ia.3002597.NC_005024.42504_43944.305
AAC_6___If	AAC_6___If.3002553.X55353.278_713.358
AAC_6___Ig	AAC_6___Ig.3002554.L09246.543_981.396
AAC_6___Ii	AAC_6___Ii.3002556.L12710.0_549.172
AAC_6___Iid	AAC_6___Iid.3002589.AJ584700.33_582.207
AAC_6___Iih	AAC_6___Iih.3002590.AJ584701.10_562.250
AAC_6___Ij	AAC_6___Ij.3002557.L29045.259_700.494
AAC_6___Ik	AAC_6___Ik.3002558.L29510.368_806.541
AAC_6___Ir	AAC_6___Ir.3002561.AF031326.0_441.581
AAC_6___Isa	AAC_6___Isa.3002563.AB116646.429_903.705
AAC_6___Iw	AAC_6___Iw.3002567.AF031331.0_441.139
AAC_6___Iz	AAC_6___Iz.3002570.AF140221.389_851.205
ACC_-	ACC_1.3001815.AJ133121.649_1810.856	ACC_2.3001816.AF180952.1564_2737.1852	ACC_4.3001818.EF504260.1994_3155.4498	ACC_5.3001819.HE819401.0_1161.778
ACI_1	ACI_1.3004359.AJ007350.1.239_1094.4259
ACT_-	ACT_12.3001834.JX440355.751_1897.1017	ACT_22.3001843.KF992027.700_1846.1911
ACT_-_1	ACT_14.3001836.JX440354.756_1902.1176	ACT_15.3001837.JX440356.754_1900.1262	ACT_17.3001838.KF992026.753_1899.1418	ACT_18.3001839.KF992028.761_1907.1505	ACT_19.3001840.KF992029.748_1894.1583	ACT_20.3001841.KF526117.0_1146.1853	ACT_21.3001842.KF526118.0_1146.1854	ACT_23.3001828.KF515536.0_1146.1990	ACT_24.3001844.KJ207207.479_1625.779	ACT_25.3001845.KJ207208.539_1685.861	ACT_27.3001847.KJ207209.454_1600.941	ACT_30.3001850.KM087833.0_1146.1263	ACT_31.3001851.KM087843.0_1146.1342	ACT_32.3001852.KM087835.0_1146.1419	ACT_33.3001853.KM087834.1.0_1146.3684	ACT_35.3001855.LC004922.0_1146.1584	ACT_36.3003171.KM926621.751_1897.1660	ACT_37.3003172.KM926622.238_1384.1735	ACT_5.3001824.FJ237369.0_1146.1893	ACT_7.3001830.FJ237368.0_1146.759
ACT_-_2	ACT_28.3001848.KJ207206.751_1897.1018	ACT_9.3001826.HQ693810.1008_2151.819
ACT_1+	ACT_1.3001821.U58495.27_1173.860	ACT_10.3001832.JN848330.0_1146.940	ACT_13.3001835.HE819402.0_1146.1094	ACT_2.3001822.AM076977.0_1146.1812	ACT_29.3001849.KM087832.0_1146.1095	ACT_3.3001823.EF125013.0_1146.1177	ACT_4.3001829.EU427302.1475_2618.1813	ACT_6.3001825.FJ237366.40_1186.1972	MIR_1.3002166.M37839.927_2073.1024	MIR_10.3002175.KM087858.0_1146.1102	MIR_11.3002176.KM087859.0_1146.1182	MIR_12.3002177.KM087863.0_1146.1269	MIR_13.3002178.KM087862.0_1146.1348	MIR_14.3002179.KM087864.0_1146.1425	MIR_16.3002181.KM087861.0_1146.1581	MIR_3.3002169.AY743435.13_1159.1810	MIR_5.3002170.KP050484.0_1146.1978	MIR_9.3002174.KM087860.0_1146.875
ADC_-	ADC_15.3003859.NG_048639.0_1152.3638	ADC_18.3003862.NG_048642.0_1152.3641	ADC_23.3003867.NG_048648.1.0_1152.3646	ADC_43.3003874.NG_048658.1.0_1152.3652
ADC_1+	ADC_1.3003847.NG_048633.1.0_1152.3627	ADC_12.3003856.NG_048636.0_1152.3635	ADC_13.3003857.NG_048637.1.0_1152.3636	ADC_14.3003858.NG_048638.0_1152.3637	ADC_17.3003861.NG_048641.1.0_1152.3640	ADC_19.3003863.NG_048643.1.0_1152.3642	ADC_2.3003848.NG_048644.1.100_1252.3628	ADC_20.3003864.NG_048645.0_1152.3643	ADC_21.3003865.NG_048646.0_1152.3644	ADC_22.3003866.NG_048647.1.0_1152.3645	ADC_25.3003868.NG_048649.1.0_1152.3647	ADC_3.3003849.NG_048651.0_1152.3629	ADC_31.3003870.NG_050716.1.100_1252.3648	ADC_39.3003871.NG_048654.1.0_1152.3649	ADC_4.3003850.NG_048655.1.0_1152.3630	ADC_41.3003872.NG_048656.1.0_1152.3650	ADC_42.3003873.NG_048657.1.0_1152.3651	ADC_44.3003876.NG_048659.1.0_1152.3653	ADC_5.3003851.NG_048660.1.0_1152.3631	ADC_56.3003878.NG_048666.1.100_1252.3654	ADC_6.3003852.NG_048669.1.100_1252.3632	ADC_61.3003879.NG_048671.1.0_1152.3655	ADC_7.3003853.NG_048677.1.0_1152.3633	ADC_74.3003880.NG_048679.1.0_1152.3657	ADC_75.3003881.NG_048680.1.0_1152.3658	ADC_76.3003882.NG_048681.1.0_1152.3659	ADC_77.3003883.NG_048682.1.53_1205.3660	ADC_78.3003884.NG_048683.1.0_1152.3661	ADC_79.3003885.NG_048684.1.0_1152.3662	ADC_80.3003886.NG_048686.1.0_1152.3663	ADC_81.3003887.NG_048687.1.0_1167.3664	ADC_82.3003888.NG_050718.1.100_1252.3665	ampC.3003796.CP001182.1.2873299_2874451.3566
ADC_16	ADC_16.3003860.NG_048640.1.0_1152.3639
ADC_8	ADC_8.3003854.AM293332.3.0_1194.4033
AER_1	AER_1.3002481.U14748.324_1239.901
AIM_1	AIM_1.3000853.AM998375.1172_2084.1033
ANT_2____Ia	ANT_2____Ia.3000230.AF078527.3769_4303.457
ANT_3____IIa	ANT_3____IIa.3004089.GG704579.1.34580_35369.4754
ANT_3____IIb	ANT_3____IIb.3004090.APPC01000022.1.55968_56760.4496
ANT_3____IIc	ANT_3____IIc.3004091.APOM01000001.1.40253_41033.4495
ANT_4___IIa	ANT_4___IIa.3002624.M98270.0_759.190
ANT_4___IIb	ANT_4___IIb.3002625.AY114142.1060_1816.234
ANT_4___Ia	ANT_4___Ia.3002623.EF540343.214_985.185
ANT_4___Ib	ANT_4___Ib.3003905.NC_013342.1.26737_27499.4615
ANT_6__Ia	ANT_6__Ia.3002626.NC_023287.1.60996_61860.4748
ANT_6__Ib	ANT_6__Ib.3002629.FN594949.27481_28339.60
ANT_9__Ia	ANT_9__Ia.3002630.JX560992.8592_9321.495
APH_2____I-	APH_2____IVa.3002637.AF016483.0_906.729	APH_2____Ie.3002634.AY939911.3535_4441.18
APH_2____IIIa	APH_2____IIIa.3002636.U51479.0_921.181
APH_2____IIa	APH_2____IIa.3002635.AF337947.271_1171.696
APH_2____If	APH_2____If.3004191.AY701528.1.9695_10589.4188
APH_2____Ig	APH_2____Ig.3002669.CP004067.1.43007_43928.4749
APH_3___IIIa	APH_3___IIIa.3002647.CP004067.52914_53709.233
APH_3___IIa	APH_3___IIa.3002644.V00618.1.150_945.4436
APH_3___IIb	APH_3___IIb.3002645.X90856.387_1194.159
APH_3___IIc	APH_3___IIc.3002646.HQ424460.1_805.194
APH_3___IVa	APH_3___IVa.3002648.X03364.0_789.237
APH_3___IX	APH_3___IX.3004087.APPN01000061.1.80497_81298.4068
APH_3___Ia	APH_3___Ia.3002641.BX664015.1.103017_103833.4475
APH_3___Ib	APH_3___Ib.3002642.M20305.778_1594.329
APH_3___VI-	APH_3___VI.3003687.KC170992.1.8362_9142.3387	APH_3___VIa.3002652.X07753.102_882.368
APH_3___VIII	APH_3___VIII.3004086.ATGI01000028.1.7477_8257.4499
APH_3___VIIa	APH_3___VIIa.3002654.M29953.295_1048.326
APH_3___Va	APH_3___Va.3002649.K00432.306_1113.371
APH_3___Vb	APH_3___Vb.3002650.M22126.372_1164.407
APH_3___Vc	APH_3___Vc.3002651.S81599.281_1076.470
APH_3____Ia	APH_3____Ia.3002638.X53527.0_819.91
APH_3____Ib	APH_3____Ib.3002639.AF313472.15593_16397.545
APH_3____Ic	APH_3____Ic.3002640.DQ336355.602_1367.276
APH_4__Ia	APH_4__Ia.3002655.V01499.230_1256.221
APH_4__Ib	APH_4__Ib.3002656.X74325.645_1908.262
APH_6__Ia	APH_6__Ia.3002657.Y00459.2824_3748.94
APH_6__Ib	APH_6__Ib.3002658.X05648.381_1305.118
APH_6__Ic	APH_6__Ic.3002659.X01702.484_1285.404
APH_6__Id	APH_6__Id.3002660.AF024602.3155_3992.467
APH_7____Ia	APH_7____Ia.3002661.X03615.231_1230.600
APH_9__Ia	APH_9__Ia.3002662.U94857.0_996.514
APH_9__Ib	APH_9__Ib.3002663.U70376.2.7525_8518.4738
AQU_1	AQU_1.3002993.AB765395.0_1143.1113
Acinetobacter_baumannii_OprD	Acinetobacter_baumannii_OprD.3003809.CP006768.1.3513469_3514780.4419
AcrE	AcrE.3000499.U00096.3413863_3415021.333
AcrF	AcrF.3000502.U00096.3415032_3418137.700
AcrS	AcrS.3000656.U00096.3412802_3413465.4558
Agrobacterium_fabrum_chloramphenicol	Agrobacterium_fabrum_chloramphenicol.3004451.M58472.1.147_777.4423
ArmR	ArmR.3004056.NC_002516.2.4165718_4165880.4525
AxyX	AxyX.3004143.AFRQ01000061.1.27130_28306.4485
AxyY	AxyY.3004144.AFRQ01000061.1.23986_27124.4484
AxyZ	AxyZ.3004145.AFRQ01000061.1.28538_29177.4134
BEL_-	BEL_1.3002385.DQ089809.1005_1857.1193	BEL_2.3002386.FJ666063.0_852.1280	BEL_3.3002387.GQ202694.0_852.1359
BJP_1	BJP_1.3000856.AP012279.1.2172316_2173201.4669
BRP_MBL_	BRP_MBL_.3001205.NC_020818.1.9883_10249.3682
BUT_1	BUT_1.3004294.AF440406.1.959_2153.4198
Bacillus_Cluster_A	Bacillus_Cluster_A.3003072.ACMJ01000036.1.72074_72986.4721
Bacillus_Cluster_B	Bacillus_Cluster_B.3003767.AHEL01000071.1.3243_4143.4638
Bacillus_clausii_chloramphenicol	Bacillus_clausii_chloramphenicol.3004452.AY238971.1.1054_1741.4424
Bacillus_pumilus_cat86	Bacillus_pumilus_cat86.3002672.K00544.0_663.143
BahA	BahA.3003984.KX531048.1.0_2259.3857
BcI+	BcI.3002877.X06599.272_1193.1622	Bla1.3000090.AY453161.500_1430.1545
BcII+	BcII.3002878.M19530.415_1186.1699	Bla2.3004189.AY453162.500_1271.4187
Borrelia_burgdorferi_16S	Borrelia_burgdorferi_16S.3003502.NR_044732.2.0_1477.3267	Borrelia_burgdorferi_16S.3003503.NR_044732.2.0_1477.3266	Borrelia_burgdorferi_16S.3003504.NR_044732.2.0_1477.3268
Brachyspira_hyodysenteriae_23S	Brachyspira_hyodysenteriae_23S.3004133.NZ_CP015910.2.2512812_2515808.4183
CARB_-	CARB_17.3002254.KJ934265.0_852.862	CARB_19.3003175.KJ934267.0_852.1019	CARB_21.3003176.CP006005.1728735_1729668.1264	CARB_22.3003151.BA000032.2.476707_477559.4727	CARB_23.3003186.CP007005.1250264_1251203.1420
CARB_-_1	CARB_1.3002240.AF313471.1421_2288.1855	CARB_12.3002250.D13210.231_1098.1912	CARB_2.3002241.DQ157752.797_1664.1096	CARB_3.3002242.S46063.121_1036.1506	CARB_6.3002245.AF030945.95_962.1736
CARB_-_2	CARB_10.3002249.EU850412.2269_3166.1856	CARB_14.3002252.JQ364968.3332_4229.1991	CARB_16.3002255.HF953351.2461_3358.4562	CARB_5.3002244.AF135373.11_908.1661	CARB_8.3002247.AY178993.574_1471.1894
CARB_-_3	CARB_7.3002246.AF409092.887_1754.1814	CARB_9.3002248.AY248038.2072_2939.1973
CARB_4	CARB_4.3002243.U14749.690_1557.1585
CAU_1	CAU_1.3000855.AJ308331.0_870.760
CFE_1+	CFE_1.3001856.AB107899.1007_2153.902	CMY_100.3002112.KF526113.0_1146.1194	CMY_93.3002106.KF992025.1026_2172.1549
CFE_2+	CFE_2.3004464.MF543129.1.2483_3629.4464	CMY_98.3002111.KC603538.0_1131.1778
CGB_1	CGB_1.3000841.EF672680.0_729.956
CMY_1+	CMY_1.3002012.X92508.332_1481.1034	CMY_10.3002021.AF357597.250_1399.1114	CMY_11.3002022.AF357599.253_1402.1857	CMY_19.3002030.AB194410.0_1149.761	CMY_8.3002019.AF167990.612_1761.1976	CMY_9.3002020.AB061794.6017_7166.1363	MOX_1.3002182.D13304.232_1381.961	MOX_2.3002183.AJ276453.4619_5768.1039	MOX_3.3002186.EU515248.0_1149.1119	MOX_4.3002184.FJ262599.0_1149.1199
CMY_101+	CMY_101.3002113.KF526114.0_1146.1281	CMY_102.3002114.KF526115.0_1146.1360	CMY_103.3002115.KF526116.0_1146.1441	CMY_104.3002116.KF150216.0_1146.1546	CMY_105.3002117.KJ207205.1039_2185.1623	CMY_108.3002120.KF564648.0_1146.1775	CMY_110.3002071.AB872957.0_1146.1913	CMY_111.3002122.KJ155695.0_1146.1992	CMY_112.3002123.KM087837.0_1146.781	CMY_113.3002124.KM087836.0_1146.863	CMY_114.3002125.KM087846.0_1146.943	CMY_115.3002126.KM087839.0_1146.1020	CMY_116.3002127.KM087840.0_1146.1098	CMY_117.3002128.KM087844.0_1146.1178	CMY_118.3002129.KM087838.0_1146.1265	CMY_119.3002130.KM087845.0_1146.1344	CMY_13.3002024.AY339625.3640_4786.4561	CMY_14.3002025.AJ555825.0_1146.1662	CMY_15.3002026.AJ555823.0_1146.1737	CMY_16.3002027.AJ781421.0_1146.1815	CMY_17.3002028.AY513266.164_1310.1895	CMY_18.3002029.AY743434.46_1198.1974	CMY_2.3002013.X91840.0_1146.821	CMY_20.3002031.AY960293.0_1143.903	CMY_21.3002032.DQ139328.160_1306.957	CMY_22.3002033.DQ256079.0_1146.1035	CMY_23.3002034.DQ463751.75_1221.1115	CMY_24.3002035.EF415650.0_1146.1195	CMY_25.3002036.EU515249.0_1146.1282	CMY_26.3002037.AB300358.0_1146.1361	CMY_27.3002038.EU515250.0_1146.1442	CMY_28.3002039.EF561644.0_1146.1547	CMY_31.3002042.EF622224.0_1146.1776	CMY_32.3002043.EU496815.0_1146.1858	CMY_33.3002044.EU496816.0_1140.1914	CMY_34.3002045.EF394370.0_1146.1993	CMY_35.3002046.EF394371.0_1146.782	CMY_36.3002047.EU331426.1.2374_3520.3695	CMY_37.3002048.AB280919.0_1146.944	CMY_38.3002049.AM931008.0_1146.1021	CMY_39.3002050.AB372224.0_1146.1099	CMY_40.3002051.EU515251.0_1146.1266	CMY_41.3002052.AB429270.14_1160.1345	CMY_42.3002053.HM146927.0_1146.1422	CMY_43.3002054.FJ360626.0_1146.1508	CMY_44.3002055.FJ437066.0_1134.1586	CMY_45.3002056.FN546177.0_1146.1663	CMY_46.3002057.FN556186.0_1146.1738	CMY_47.3002058.HM046998.1039_2185.1816	CMY_48.3002059.HM569226.1039_2185.1896	CMY_49.3002060.GQ402541.0_1146.1975	CMY_5.3002016.NG_035159.2373_3519.3360	CMY_50.3002061.FN645444.0_1146.822	CMY_51.3002062.JQ733571.1027_2173.904	CMY_53.3002064.HQ336940.0_1146.958	CMY_54.3002065.HM544039.0_1152.1036	CMY_55.3002066.HM544040.0_1146.1116	CMY_56.3002067.HQ322613.0_1146.1196	CMY_57.3002068.HQ285243.0_1146.1283	CMY_58.3002072.HQ185697.1267_2413.1362	CMY_6.3002017.AJ011293.0_1146.1548	CMY_60.3002073.JF460794.0_1146.1625	CMY_61.3002074.JF460795.0_1143.1701	CMY_62.3002075.JF460796.0_1146.1777	CMY_63.3002076.HQ650104.63_1209.1859	CMY_64.3002077.HQ832678.0_1146.1915	CMY_65.3002078.JF780936.63_1209.1994	CMY_66.3002079.JN714478.1034_2180.783	CMY_67.3002080.JQ711185.1027_2173.864	CMY_68.3002081.JN714480.1039_2185.945	CMY_69.3002082.JX049132.0_1146.1022	CMY_7.3002018.AJ011291.0_1146.1100	CMY_70.3002083.JX440350.1026_2172.1180	CMY_71.3002084.JQ711184.1026_2172.1267	CMY_72.3002085.JX440352.1027_2173.1346	CMY_73.3002086.GQ351345.0_1146.1423	CMY_74.3002087.JX440349.1026_2172.1509	CMY_75.3002088.JQ733572.1027_2173.1587	CMY_76.3002089.JQ733573.1027_2173.1664	CMY_77.3002090.JX440353.1026_2172.1739	CMY_78.3002091.JQ733575.1027_2173.1817	CMY_79.3002092.JQ733576.1027_2173.1897	CMY_80.3002093.JQ733577.1026_2172.762	CMY_81.3002094.JQ733578.1007_2153.823	CMY_82.3002095.KJ207203.5_1151.905	CMY_83.3002096.JX440351.1026_2172.959	CMY_84.3002097.JQ733579.1027_2173.1037	CMY_85.3002098.KJ207202.548_1694.1117	CMY_86.3002099.KJ207204.579_1725.1197	CMY_90.3002103.HE819404.0_1146.1444	CMY_94.3002107.JX514368.271_1417.1626	CMY_95.3002108.JX514369.296_1442.1702	CMY_99.3002070.KF305673.17_1163.1860	LAT_1.3001857.X78117.141_1287.1988
CPS_1	CPS_1.3003716.KP109675.1328_2201.3431
CRP	CRP.3000518.AP009048.1.4153663_4154296.4752
CTX_M_-	CTX_M_1.3001864.X92506.0_876.1916	CTX_M_10.3001873.AY598759.0_876.1995	CTX_M_101.3001960.HQ398214.249_1125.865	CTX_M_103.3001962.HG423149.39_915.1026	CTX_M_114.3001974.GQ351346.0_876.1980	CTX_M_116.3001976.JF966749.157_1033.824	CTX_M_117.3001977.JN227085.351_1227.906	CTX_M_12.3001875.AF305837.0_876.1008	CTX_M_132.3001991.JX313020.0_876.1861	CTX_M_136.3001995.KC351754.157_1033.2042	CTX_M_139.3001997.KC107824.0_876.866	CTX_M_142.3002000.KF240809.0_876.1105	CTX_M_144.3002002.KJ020573.274_1150.1185	CTX_M_15.3001878.AY044436.1435_2311.1430	CTX_M_155.3003163.KM211508.0_876.1666	CTX_M_156.3003164.KM211509.0_876.1741	CTX_M_157.3003165.KM211510.0_876.1819	CTX_M_158.3003166.KM211691.0_876.1902	CTX_M_22.3001884.AY080894.3_879.1334	CTX_M_23.3001885.AF488377.62_938.1411	CTX_M_28.3001890.AJ549244.0_876.1780	CTX_M_29.3001891.AY267213.0_876.1862	CTX_M_3.3001866.Y10278.0_876.1965	CTX_M_30.3001892.AY292654.0_876.2043	CTX_M_32.3001894.AJ557142.0_876.867	CTX_M_33.3001895.AY238472.1.12_888.4724	CTX_M_34.3001896.AY515297.0_876.1028	CTX_M_36.3001898.AB177384.0_876.1186	CTX_M_37.3001899.AY649755.17_893.1273	CTX_M_42.3001904.DQ061159.346_1222.1742	CTX_M_52.3001914.DQ223685.0_876.1335	CTX_M_53.3001915.DQ268764.5891_6767.1412	CTX_M_54.3001916.DQ303459.2174_3050.1478	CTX_M_55.3001917.DQ885477.0_876.1552	CTX_M_58.3001919.EF210159.0_876.1705	CTX_M_60.3001921.AM411407.0_876.1966	CTX_M_61.3001922.EF219142.10_886.2044	CTX_M_62.3001923.EF219134.2125_3001.787	CTX_M_66.3001927.EF576988.239_1115.1107	CTX_M_68.3001929.EU177100.4_880.1274	CTX_M_69.3001930.EU402393.0_876.1353	CTX_M_71.3001932.FJ815436.195_1071.1513	CTX_M_72.3001933.AY847148.8_884.1591	CTX_M_79.3001940.EF426798.0_876.769	CTX_M_80.3001941.EU202673.0_876.909	CTX_M_82.3001943.DQ256091.98_974.1088	CTX_M_96.3001956.AJ704396.0_876.950
CTX_M_-_1	CTX_M_100.3001959.FR682582.0_876.784	CTX_M_152.3002009.KJ461948.3_876.1589	CTX_M_159.3003167.KP050493.0_876.2120	CTX_M_25.3001887.AF518567.2320_3196.1551	CTX_M_26.3001888.AY157676.0_876.1628	CTX_M_39.3001901.AY954516.0_876.1431	CTX_M_41.3001903.DQ023162.0_876.1667	CTX_M_78.3001939.AM982522.0_876.1982	CTX_M_89.3001949.FJ971899.30_906.1630	CTX_M_91.3001951.GQ870432.30_906.1864	CTX_M_94.3001954.HM167760.0_876.788
CTX_M_-_2	CTX_M_102.3001961.HQ398215.244_1120.946	CTX_M_104.3001963.HQ833652.235_1111.1104	CTX_M_105.3001965.HQ833651.244_1120.1184	CTX_M_111.3001971.JF274243.0_876.1740	CTX_M_112.3001972.JF274246.0_876.1818	CTX_M_113.3001973.JF274247.0_876.1901	CTX_M_121.3001980.JN790862.244_1120.1085	CTX_M_122.3001981.JN790863.232_1108.1167	CTX_M_125.3001984.JQ724542.174_1050.1410	CTX_M_126.3001985.AB703103.0_876.1476	CTX_M_129.3001988.JX017364.238_1114.1550	CTX_M_13.3001876.AF252623.0_876.1627	CTX_M_130.3001989.JX017365.244_1120.1703	CTX_M_134.3001992.JX896165.0_876.1964	CTX_M_137.3001994.AB900900.0_876.785	CTX_M_14.3001877.AF252622.1740_2616.947	CTX_M_147.3002005.KF513180.0_876.1272	CTX_M_148.3002006.KJ020574.244_1120.1351	CTX_M_16.3001879.AY029068.0_876.767	CTX_M_17.3001880.AY033516.2835_3711.907	CTX_M_19.3001881.AF325134.0_876.1009	CTX_M_21.3001883.AJ416346.556_1432.1255	CTX_M_24.3001886.AY143430.0_876.1477	CTX_M_27.3001889.AY156923.0_876.1704	CTX_M_38.3001900.AY822595.22_898.1352	CTX_M_45.3001907.D89862.111_981.1981	CTX_M_46.3001908.AY847147.81_957.768	CTX_M_47.3001909.AY847143.82_958.825	CTX_M_48.3001910.AY847144.81_957.908	CTX_M_49.3001911.AY847145.81_957.1010	CTX_M_50.3001912.AY847146.82_958.1169	CTX_M_51.3001913.DQ211987.0_876.1256	CTX_M_65.3001926.EF418608.9_885.1029	CTX_M_67.3001928.EF581888.0_876.1187	CTX_M_81.3001942.EU136031.0_876.1011	CTX_M_83.3001944.FJ214366.0_876.1170	CTX_M_84.3001945.FJ214367.0_876.1257	CTX_M_85.3002495.FJ214368.0_876.1336	CTX_M_86.3001946.FJ214369.0_876.1413	CTX_M_87.3001947.EU545409.80_956.1479	CTX_M_9.3001872.AF174129.6335_7211.1706	CTX_M_90.3001950.FJ907381.0_876.1782	CTX_M_93.3001953.HQ166709.0_876.2045	CTX_M_98.3001957.HM755448.244_1120.1030	CTX_M_99.3001958.HM803271.0_876.1108
CTX_M_-_3	CTX_M_115.3001975.KJ911020.111_987.766	CTX_M_124.3001983.JQ429324.0_876.1333	CTX_M_131.3001990.JN969893.3.2530_3406.4241	CTX_M_141.3001999.KC964871.0_876.1027	CTX_M_2.3001865.DQ125241.0_876.1086	CTX_M_20.3001882.AJ416344.303_1179.1168	CTX_M_31.3001893.AJ567481.0_876.786	CTX_M_35.3001897.AB176534.0_876.1106	CTX_M_4.3001867.Y14156.0_876.1512	CTX_M_43.3001905.DQ102702.0_876.1820	CTX_M_44.3001906.D37830.90_966.1903	CTX_M_5.3001868.U95364.5_881.1087	CTX_M_56.3001918.EF374097.0_876.1629	CTX_M_59.3001920.DQ408762.0_876.1781	CTX_M_6.3001869.AJ005044.0_876.1863	CTX_M_7.3001870.AJ005045.0_876.1432	CTX_M_76.3001937.AM982520.5548_6424.1821	CTX_M_77.3001938.AM982521.1911_2787.1904	CTX_M_92.3001952.GU127598.0_876.1967	CTX_M_95.3001955.FN813245.1911_2787.869
CTX_M_-_4	CTX_M_123.3001982.JN790864.238_1114.1254	CTX_M_64.3001925.AB284167.225_1101.949
CTX_M_-_5	CTX_M_40.3001902.AY750914.2.206_1079.4239	CTX_M_63.3001924.AB205197.3_876.868	CTX_M_8.3001871.AF189721.273_1149.826
CTX_M_151	CTX_M_151.3002008.AB916359.793_1708.1511
Campylobacter_coli_chloramphenicol	Campylobacter_coli_chloramphenicol.3004454.M35190.1.308_932.4426
CatU	CatU.3003983.KX531047.1.0_654.3856
CblA_1	CblA_1.3002999.GQ343019.132_1023.1188
CcrA	CcrA.3000578.M63556.90_840.1275
CepS	CepS.3003553.X80277.0_1149.3286
CfxA-	CfxA.3003001.U38243.149_1115.1354	CfxA2.3003002.AF118110.1.71_1037.4470	CfxA3.3003003.AF472622.52_1018.1514	CfxA4.3003005.AY769933.0_966.1592	CfxA5.3003096.AY769934.27_993.1669
CfxA6	CfxA6.3003097.GQ342996.797_1793.1744
Chlamydia_trachomatis_23S	Chlamydia_trachomatis_23S.3004174.NR_076160.1.0_2940.4165
Chlamydomonas_reinhardtii_23S	Chlamydomonas_reinhardtii_23S.3004132.NC_005353.1.148590_151993.4139
Chlamydophila_psittaci_16S	Chlamydophila_psittaci_16S.3003485.AB001778.1.0_1507.3780
Chryseobacterium_meningosepticum_BlaB	Chryseobacterium_meningosepticum_BlaB.3000579.NZ_CP007547.1.3053571_3054321.4474
Clostridium_difficile_EF_Tu	Clostridium_difficile_EF_Tu.3003357.NC_017174.109609_110803.3358
CrpP	CrpP.3004468.NC_016138.1.119071_119269.4462
DHA_-	DHA_1.3002132.Y16410.986_2126.1822	DHA_10.3002141.KP050490.0_1140.2110	DHA_12.3002143.HG798963.0_1140.1983	DHA_13.3002144.KM087855.0_1140.770	DHA_14.3002145.KM087854.0_1140.827	DHA_15.3002146.KM087853.0_1140.910	DHA_16.3002147.KM087852.0_1140.1012	DHA_17.3002148.KM087850.0_1140.1089	DHA_18.3002149.KM087841.0_1140.1171	DHA_19.3002150.KM087849.0_1140.1258	DHA_2.3002133.AF259520.1512_2652.1337	DHA_20.3002151.KM087848.0_1140.1414	DHA_21.3002152.KM087847.0_1140.1480	DHA_22.3002153.KM087856.0_1140.1554	DHA_3.3002134.AY494945.1309_2449.1631	DHA_5.3002138.JF273491.745_1885.1707	DHA_6.3002135.HQ322612.0_1140.1783	DHA_7.3002136.HQ456945.0_1140.1865
DIM_1	DIM_1.3000848.KC004136.40_796.1968
D_Ala_D_Ala_ligase	D_Ala_D_Ala_ligase.3003970.AY168442.1.53_1109.3769
EBR_-	EBR_1_beta_lactamase.3000842.AF416700.56_764.2046	EBR_2.3004463.KR131616.1.0_708.4438
ESP_1	ESP_1.3003717.KP109681.1642_2515.3432
EXO_1	EXO_1.3003564.M28303.242_1187.3292
EdeQ	EdeQ.3004063.KC771276.1.44894_45332.4026
Enterobacter_aerogenes_Omp36	Enterobacter_aerogenes_Omp36.3003385.AF335467.36_1164.2109
Enterococcus_faecalis_YybT	Enterococcus_faecalis_YybT.3003797.NZ_CP014949.1905748_1907725.3568
Enterococcus_faecalis_chloramphenicol+	Enterococcus_faecalis_chloramphenicol.3004458.X92945.2.8934_9582.4467	Staphylococcus_intermedius_chloramphenicol.3004457.M64281.1.207_855.4429
Enterococcus_faecalis_cls	Enterococcus_faecalis_cls.3003760.CP002621.1.376485_377931.3537
Enterococcus_faecium_EF_Tu	Enterococcus_faecium_EF_Tu.3003438.NC_017960.1.60337_61609.3656
Enterococcus_faecium_chloramphenicol	Enterococcus_faecium_chloramphenicol.3004456.NC_005000.1.17463_18111.4428
Enterococcus_faecium_cls	Enterococcus_faecium_cls.3003092.CP013009.1.1008840_1010292.4733
EreA-	EreA.3000361.DQ157752.2699_3920.183	EreA2.3002826.AF099140.136_1363.219
EreB	EreB.3000363.A15097.382_1642.3349
ErmA	ErmA.3000347.NC_009632.49744_50476.554
ErmB	ErmB.3000375.AF242872.2131_2878.323
ErmC	ErmC.3000250.M12730.779_1514.501
ErmD	ErmD.3000495.L08389.390_1254.240
ErmE	ErmE.3000326.X51891.189_1335.384
ErmF	ErmF.3000498.M17124.1181_1982.593
ErmG	ErmG.3000522.L42817.201_936.590
ErmH	ErmH.3002823.M16503.243_1143.63
ErmN	ErmN.3000592.X97721.2.159_1035.4244
ErmO	ErmO.3001303.AJ223970.20_800.549
ErmQ	ErmQ.3000593.L22689.261_1035.678
ErmR	ErmR.3000594.CP011502.1.3324540_3325563.3582
ErmS	ErmS.3001304.M19269.459_1419.290
ErmT	ErmT.3000595.M64090.0_735.367
ErmU	ErmU.3001305.X62867.360_1197.455
ErmV	ErmV.3002824.U59450.396_1176.420
ErmW	ErmW.3001306.D14532.1038_1974.493
ErmX	ErmX.3000596.AF024666.2.2207_2969.4746
ErmY	ErmY.3002825.AB014481.0_735.630
Erm_30_	Erm_30_.3001265.AF079138.1.1282_2293.4725
Erm_31_	Erm_31_.3000598.AF079138.153_1122.249
Erm_33_	Erm_33_.3000599.NC_005076.9897_10629.511
Erm_34_	Erm_34_.3000600.AY234334.0_846.162
Erm_35_	Erm_35_.3000604.AF319779.2.32_833.4237
Erm_36_	Erm_36_.3000605.AF462611.0_846.197
Erm_37_	Erm_37_.3000392.AL123456.2231679_2232219.582
Erm_38_	Erm_38_.3000601.AY154657.2.62_1223.4238
Erm_39_	Erm_39_.3000602.AY487229.2152_2893.274
Erm_41_	Erm_41_.3000603.EU177504.0_417.357
Erm_42_	Erm_42_.3003106.FR734406.0_906.11
Erm_43_	Erm_43_.3003205.HE650138.2186_2918.3291
Erm_44_	Erm_44_.3003971.LN623525.1.13980_14736.3778
Erm_47_	Erm_47_.3003908.KU612222.1.80337_81078.3705
Escherichia_coli_23S	Escherichia_coli_23S.3004131.AE014075.1.237159_240063.4149	Escherichia_coli_23S.3004149.AE014075.1.237159_240063.4153	Escherichia_coli_23S.3004150.AE014075.237159_240063.4193	Escherichia_coli_23S.3004160.AE014075.1.237159_240063.4154	Escherichia_coli_23S.3004173.AE014075.1.237159_240063.4164
Escherichia_coli_CyaA	Escherichia_coli_CyaA.3003900.HG738867.2786398_2788945.3676
Escherichia_coli_CyaA_1	Escherichia_coli_CyaA.3003900.HG738867.2786398_2788945.4616
Escherichia_coli_EF_Tu	Escherichia_coli_EF_Tu.3003368.AH002539.2.1760_2945.3531	Escherichia_coli_EF_Tu.3003369.AE014075.1.3901532_3902762.4655	Escherichia_coli_EF_Tu.3003370.NC_000913.3.3470144_3471329.4656
Escherichia_coli_GlpT	Escherichia_coli_GlpT.3003889.HG738867.2233288_2234647.4617
Escherichia_coli_LamB	Escherichia_coli_LamB.3004126.BA000007.5101244_5102585.4102
Escherichia_coli_PtsI	Escherichia_coli_PtsI.3003899.HG738867.2416338_2418066.3675
Escherichia_coli_UhpA	Escherichia_coli_UhpA.3003893.HG738867.2930707_2931298.3668
Escherichia_coli_UhpA_1	Escherichia_coli_UhpA.3003893.HG738867.2930707_2931298.3671
Escherichia_coli_UhpT	Escherichia_coli_UhpT.3003890.HG738867.2934266_2935658.3667
FEZ_1	FEZ_1.3000606.Y17896.0_849.789
FOX_-	FOX_1.3002155.X77455.700_1849.870	FOX_10.3002162.JX049131.0_1149.951	FOX_2.3002156.Y10282.0_1149.1031	FOX_3.3002157.Y11068.16_1165.1109	FOX_4.3002158.AJ277535.0_1149.1189	FOX_5.3002159.AY007369.0_1149.1276	FOX_7.3002160.AJ703795.0_1149.1355	FOX_8.3002161.HM565917.0_1149.1434	FOX_9.3002163.JF896803.0_1149.1515
FomA	FomA.3000423.AB016934.6575_7376.614
FomB	FomB.3000449.AB016934.7388_8381.653
FosA	FosA.3000149.NC002516.1221690_1222098.3366
FosA-	FosA5.3003209.KP143090.1.1199_1619.4457	FosA6.3004111.KU254579.1.59421_59841.4755
FosA-_1	FosA3.3002872.JF411006.951_1368.540	FosA4.3003210.AB908992.0_417.1439
FosA2	FosA2.3002804.EU487198.216_642.341
FosA7	FosA7.3004113.LAPJ01000014.1.36822_37245.4093
FosB	FosB.3000172.NC_004722.1.1972251_1972668.3613
FosB3	FosB3.3002873.HQ219726.385_805.418
FosC	FosC.3000380.Z33413.386_935.481
FosC2	FosC2.3002874.AB522969.0_399.580
FosK	FosK.3003207.AB917040.736_1135.3294
FosX	FosX.3000198.FFFO01000009.1.81760_82162.3611
GES_-	GES_1.3002330.AF156486.1331_2195.1593	GES_10.3002339.FJ820124.1123_1987.1670	GES_11.3002340.FJ854362.701_1565.1745	GES_12.3002341.FN554543.0_864.1823	GES_13.3002342.GU169702.608_1472.1905	GES_14.3002343.GU207844.0_864.1984	GES_15.3002344.GU208678.0_864.771	GES_16.3002345.HM173356.511_1375.835	GES_17.3002346.HQ874631.0_864.911	GES_18.3002347.JQ028729.0_864.1013	GES_19.3002348.JN596280.1918_2782.1090	GES_2.3002331.AF326355.0_864.1172	GES_20.3002349.JN596280.2847_3711.1259	GES_21.3002350.JQ772478.140_1004.1338	GES_22.3002351.JX023441.37_901.1415	GES_24.3002353.AB901141.0_864.1555	GES_26.3003181.KP096411.0_864.2105	GES_3.3002332.AB113580.1329_2193.1708	GES_4.3002333.AB116260.1329_2193.1784	GES_5.3002334.AY494717.0_864.1866	GES_6.3002335.AY494718.0_864.1969	GES_7.3002336.AY260546.4477_5341.2047	GES_8.3002337.AF329699.372_1236.790	GES_9.3002338.AY920928.2689_3553.871
GIM_-	GIM_1.3000845.AJ620678.0_753.952	GIM_2.3003194.KM659858.401_1154.2106
GOB_1-	GOB_1.3000850.AF090141.242_1115.1110	GOB_18.3004213.DQ004496.1.0_873.4756
HERA_1	HERA_1.3004448.AF311385.1.0_873.4274
HMB_1	HMB_1.3004092.KU961660.2031_2757.4072
H_NS	H_NS.3000676.NC_002695.2.1737690_1738104.4718
Haemophilus_influenzae_PBP3	Haemophilus_influenzae_PBP3.3004446.NC_000907.1.1197839_1199672.4273
Halobacterium_halobium_23S	Halobacterium_halobium_23S.3004180.X03407.1.2910_5815.4170
Halobacterium_salinarum_16S	Halobacterium_salinarum_16S.3003977.KY084523.1.0_1473.3807
Helicobacter_pylori_16S	Helicobacter_pylori_16S.3003510.CP003904.1.1511156_1512657.4114
Helicobacter_pylori_23S	Helicobacter_pylori_23S.3004134.AB162858.1.0_2975.4113
ICR_Mc	ICR_Mc.3004466.AERH01000018.1.16203_17940.4463
IMI_1+	IMI_1.3001858.U50278.1263_2142.1190	IMI_2.3001859.DQ173429.0_879.1277	IMI_4.3001861.KF958750.0_879.1435	IMI_7.3003177.KM103296.0_879.2107	NmcA.3003589.Z21956.1220_2099.3362
IMP_-	IMP_13.3002204.AJ550807.2242_2983.1906	IMP_33.3002224.JN848782.0_741.1416	IMP_37.3002228.JX131372.96_843.1632
IMP_-_1	IMP_1.3002192.AJ223604.1484_2225.1594	IMP_10.3002201.AB074433.16_757.1671	IMP_15.3002206.AY553333.113_854.772	IMP_25.3002216.EU541448.0_741.1986	IMP_26.3002217.GU045307.100_841.773	IMP_28.3002219.JQ407409.1168_1909.913	IMP_3.3002194.AB010417.0_741.1092	IMP_30.3002221.DQ522237.1075_1816.1174	IMP_34.3002225.AB715422.1695_2436.1482	IMP_38.3002229.HQ875573.0_741.1709	IMP_4.3002195.AF244145.0_741.1785	IMP_40.3002231.AB753457.0_741.1868	IMP_42.3002233.AB753456.0_741.2048	IMP_43.3002234.AB777500.2034_2775.791	IMP_5.3002196.AF290912.0_741.1191	IMP_51.3003659.LC031883.5071_5812.2108	IMP_6.3002197.AB040994.0_741.1278	IMP_7.3002198.AF318077.1147_1888.1357
IMP_-_2	IMP_14.3002205.AY553332.113_854.1985	IMP_18.3002209.JN596991.482_1223.912	IMP_32.3002223.JQ002629.113_854.1339	IMP_48.3002239.KM087857.0_741.1111
IMP_-_3	IMP_11.3002202.AB074436.16_754.1746	IMP_16.3002207.AJ584652.1043_1784.836	IMP_19.3002210.EF118171.3181_3922.1014	IMP_2.3002193.AJ243491.0_741.1091	IMP_20.3002211.AB196988.0_741.1173	IMP_21.3002212.AB204557.0_738.1867	IMP_22.3002213.DQ361087.356_1097.1825	IMP_24.3002215.EF192154.0_741.1907	IMP_29.3002220.JQ041634.1122_1863.1015	IMP_41.3002232.AB753458.0_738.1970	IMP_44.3002235.AB777501.1398_2136.872	IMP_8.3002199.AF322577.2081_2822.1436
IMP_-_4	IMP_45.3002236.KJ510410.5740_6478.953	IMP_9.3002200.AY033653.2787_3525.1516
IMP_12	IMP_12.3002203.AJ420864.155_896.1824
IMP_27	IMP_27.3002218.JF894248.0_741.837
IMP_3-	IMP_31.3002222.KF148593.0_738.1260	IMP_35.3002226.JF816544.0_741.1556
IND_-	IND_11.3002267.HM245379.56_788.1747	IND_12.3002268.HM245380.27_759.1826	IND_15.3002270.AB563173.32_764.1987	IND_2.3002257.AF219127.0_732.774	IND_2a.3002258.AF219130.0_732.838
IND_-_1	IND_1.3002256.AF099139.505_1225.1595	IND_7.3002263.AB529520.0_720.1261
IND_-_2	IND_10.3002266.GU206353.18_738.1672	IND_8.3002264.GU186044.39_759.1340
IND_-_3	IND_14.3002269.HM367709.7_727.1908	IND_3.3002259.AF219131.0_720.914
IND_4	IND_4.3002260.AF219135.0_729.1016
IND_5	IND_5.3002261.AY504627.0_720.1093
IND_6	IND_6.3002262.AM087455.291_1011.1175
IND_9	IND_9.3002265.GU186045.34_754.1417
JOHN_1	JOHN_1.3000840.AY028464.442_1189.1483
KHM_1	KHM_1.3000847.AB364006.61_787.1557
KPC_-	KPC_10.3002320.GQ140348.0_882.1633	KPC_11.3002321.HM066995.0_882.1710	KPC_12.3002322.HQ641421.0_882.1786	KPC_13.3002323.HQ342889.0_882.1869	KPC_14.3002324.JX524191.395_1271.1971	KPC_15.3002325.KC433553.0_882.2049	KPC_16.3002326.KC465199.0_882.792	KPC_17.3002327.KC465200.0_882.873	KPC_19.3002329.KJ775801.0_882.954	KPC_2.3002312.AY034847.5_887.1032	KPC_22.3003180.KM379100.0_882.1112	KPC_3.3002313.AF395881.0_882.1192	KPC_5.3002315.EU400222.2159_3041.1358	KPC_6.3002316.EU555534.0_882.1437	KPC_7.3002317.EU729727.0_882.1517	KPC_8.3002318.FJ234412.0_882.1870
Klebsiella_mutant_PhoP	Klebsiella_mutant_PhoP.3003585.FO834906.1.2325636_2326308.4715
Klebsiella_pneumoniae_OmpK35	Klebsiella_pneumoniae_OmpK35.3003966.NC_016845.1.1904307_1904991.3763
Klebsiella_pneumoniae_OmpK36	Klebsiella_pneumoniae_OmpK36.3003968.NC_016845.1.3727881_3728985.3765
Klebsiella_pneumoniae_OmpK37	Klebsiella_pneumoniae_OmpK37.3004122.AJ011502.1.300_1425.4406
L1_beta_lactamase	L1_beta_lactamase.3000582.AJ272109.0_888.1909
LCR_1+	LCR_1.3002997.X56809.111_894.775	NPS_1.3004239.AY027589.45_828.4191
LEN_1+	LEN_1.3002454.X04515.285_1125.776	LEN_15.3002478.AF452105.0_840.1268	LEN_16.3002464.AY743416.67_928.1347	LEN_18.3002465.AM850908.0_861.1424	LEN_19.3002466.AM850909.0_861.1502	LEN_2.3002455.AY037780.88_949.1580	LEN_20.3002467.AM850910.0_861.1657	LEN_21.3002468.AM850911.0_861.1732	LEN_22.3002469.AM850912.0_861.1809	LEN_23.3002470.AM850913.0_861.1898	LEN_24.3002471.AM850914.30_891.1977	LEN_26.3002474.NG_049281.0_861.3610	LEN_5.3002456.AY633109.0_861.874	LEN_9.3002459.NG_050780.1.100_961.4405	SHV_1.3001059.FJ668814.76_937.1469	SHV_101.3001150.EU155018.0_861.1620	SHV_102.3001151.EU024485.0_861.1697	SHV_103.3001152.EU032604.0_861.1772	SHV_104.3001153.EU274581.0_861.1850	SHV_105.3001154.FJ194944.46_907.1941	SHV_108.3001157.HM751100.0_861.899	SHV_109.3001158.EU418913.16_877.985	SHV_111.3001160.AB372881.8_869.1230	SHV_119.3001340.KJ776406.16_877.1387	SHV_120.3001167.JF812965.0_861.1543	SHV_121.3001168.HQ661362.71_932.1621	SHV_128.3001175.GU932590.0_861.900	SHV_129.3001176.GU827715.0_861.986	SHV_13.3001072.AF164577.0_861.1063	SHV_133.3001177.AB551737.14_875.1144	SHV_134.3001178.HM559945.0_861.1231	SHV_135.3001179.HQ637576.0_861.1311	SHV_14.3001073.AF226622.54_915.1471	SHV_141.3001183.JQ388884.0_861.1634	SHV_142.3001184.JQ029959.28_889.1711	SHV_143.3001344.JQ341060.1.881_1742.4699	SHV_144.3001345.JQ926986.0_861.1871	SHV_145.3001185.JX013655.0_861.1943	SHV_15.3001074.AJ011428.0_861.987	SHV_157.3001196.JX121124.0_861.1635	SHV_160.3001199.JX121127.0_861.1944	SHV_161.3001200.JX121128.0_861.2022	SHV_164.3001347.HE981194.0_861.988	SHV_168.3001352.JX870080.0_861.1233	SHV_172.3001356.KF513177.0_861.1313	SHV_178.3001361.KF705209.0_861.1473	SHV_179.3001362.KF705208.0_861.1559	SHV_18.3001076.AF132290.87_948.1636	SHV_180.3001350.KP050487.1.0_861.3768	SHV_185.3003152.KM233164.0_861.2023	SHV_186.3003153.KM233165.0_861.832	SHV_189.3003156.KP050494.0_861.2125	SHV_2.3001060.AF148851.5_866.1234	SHV_24.3001082.AB023477.0_861.1637	SHV_25.3001083.AF208796.0_861.1713	SHV_26.3001084.AF227204.73_934.1789	SHV_29.3001087.AF301532.7_868.2024	SHV_2A.3001061.X98102.73_934.833	SHV_3.3001062.NG_050068.100_961.3691	SHV_30.3001088.AY661885.48_909.918	SHV_31.3001089.AY277255.66_927.990	SHV_33.3001091.JX268631.0_861.1148	SHV_34.3001092.AY036620.88_949.1235	SHV_35.3001093.AY070258.0_861.1315	SHV_36.3001094.AF467947.0_861.1392	SHV_37.3001095.AF467948.0_861.1475	SHV_38.3001096.AY079099.148_1009.1561	SHV_40.3001098.AF535128.0_861.1714	SHV_41.3001099.AF535129.0_861.1790	SHV_42.3001100.AF535130.0_861.1874	SHV_44.3001102.AY259119.116_977.2025	SHV_46.3001104.AY210887.111_972.919	SHV_48.3001105.AY263404.0_861.991	SHV_49.3001106.AY528718.413_1274.1067	SHV_5.3001064.X55640.111_972.1149	SHV_50.3001107.AY288915.0_861.1236	SHV_52.3001109.HQ845196.0_861.1393	SHV_56.3001112.EU586041.0_861.1639	SHV_57.3001113.AY223863.170_1031.1715	SHV_59.3001114.AY790341.0_861.1791	SHV_60.3001115.AB302939.8_869.1948	SHV_61.3001116.AJ866284.0_861.2026	SHV_62.3001117.AJ866285.0_861.839	SHV_63.3001118.EU342351.172_1033.920	SHV_64.3001119.DQ174304.4_865.992	SHV_65.3001120.DQ174305.4_865.1068	SHV_66.3001121.DQ174306.4_865.1150	SHV_69.3001123.DQ174308.4_865.1317	SHV_7.3001066.U20270.124_985.1394	SHV_70.3001124.DQ013287.0_861.1485	SHV_72.3001126.AM176547.30_891.1640	SHV_73.3001127.AM176548.16_874.1716	SHV_76.3001130.AM176551.30_891.1949	SHV_78.3001132.AM176553.30_891.840	SHV_79.3001133.AM176554.30_891.921	SHV_8.3001067.U92041.0_861.993	SHV_80.3001134.AM176555.0_861.1069	SHV_82.3001136.AM176557.0_861.1238	SHV_85.3001139.DQ322460.15_876.1486	SHV_86.3001140.DQ328802.0_861.1564	SHV_89.3001141.DQ193536.0_861.1641	SHV_92.3001144.DQ836922.0_861.1793	SHV_94.3001146.EF373970.0_861.1950	SHV_95.3001147.EF373972.0_861.2028	SHV_96.3001148.EF373971.0_861.841	SHV_97.3001149.EF373973.0_861.922	SHV_98.3001336.AM941844.0_861.994
LRA_1	LRA_1.3002482.EU408346.1.4825_5713.4688
LRA_10	LRA_10.3002489.EU408357.1.52_1180.4657
LRA_12	LRA_12.3002511.EU408351.16572_17454.1445
LRA_13	LRA_13.3002484.EU408352.1.35394_37224.4671
LRA_17	LRA_17.3002512.EU408354.1.3570_4455.4751
LRA_18	LRA_18.3002492.EU408355.24321_25482.1673
LRA_19	LRA_19.3002513.EU408359.3791_4694.1748
LRA_2	LRA_2.3002485.EU408347.1.10174_11083.4713
LRA_3	LRA_3.3002510.EU408348.1243_2152.1917
LRA_5	LRA_5.3002483.EU408358.27458_28439.4540
LRA_7	LRA_7.3002486.EU408356.1.7570_8479.3698
LRA_8	LRA_8.3002487.EU408349.107_1025.858
LRA_9	LRA_9.3002488.EU408350.1.11679_12585.4459
Lactobacillus_reuteri_cat_TC+	Lactobacillus_reuteri_cat_TC.3002671.U75299.0_717.688	Streptococcus_suis_chloramphenicol.3004455.AB080798.1.2658_3309.4427
LlmA_23S_ribosomal	LlmA_23S_ribosomal.3003982.KX531046.1.0_864.3855
LpeA	LpeA.3004099.CR628336.1.3280793_3281861.4077
LpeB	LpeB.3004100.CR628336.1.3281865_3284910.4076
LpxA	LpxA.3003573.CP010781.1.2255674_2256463.4645
LpxC	LpxC.3003574.CP010781.1.3758031_3758934.4644
MCR_1	MCR_1.2.3004194.KX236309.1.3136_4762.4479	MCR_1.3003689.KP347127.22412_24038.3390
MCR_2	MCR_2.3004110.NG_051171.1.100_1717.4094
MCR_3	MCR_3.3004139.KY924928.1.161133_162759.4121
MCR_4	MCR_4.3004325.MF543359.1.5807_7433.4477
MCR_5	MCR_5.3004332.MG241339.1.0_1644.4295
MIR_-	MIR_15.3002180.KM087851.0_1146.1503	MIR_17.3003173.LN515535.0_1146.1658	MIR_2.3002168.AY227752.88_1234.1733	MIR_4.3002167.EF417572.29_1175.1899	MIR_6.3002171.JQ664733.0_1146.764	MIR_8.3002173.FJ237367.0_1146.3325
MOX_-	MOX_5.3002188.GQ152600.0_1152.1286	MOX_6.3002185.GQ152601.0_1152.1364	MOX_7.3002189.GQ152602.0_1152.1446	MOX_8.3002190.JX173956.0_1152.1519
MOX_9	MOX_9.3002191.NG_049322.100_1252.3606
MSI_1	MSI_1.3003718.KP109676.0_1026.3433
MSI_OXA	MSI_OXA.3003719.KP109676.1022_1841.3434
MUS_-	MUS_1.3000843.AF441286.224_965.1597	MUS_2.3003842.NG_049325.0_741.3605
MdtK	MdtK.3001327.CP014358.1.2161325_2162750.4682
MexA	MexA.3000377.NC_002516.472023_473175.68
MexB	MexB.3000378.L11616.1569_4710.113
MexC	MexC.3000800.U57969.294_1458.52
MexD	MexD.3000801.U57969.1485_4617.335
MexE	MexE.3000803.NC_002516.2808742_2809987.270
MexF	MexF.3000804.NC_002516.2810008_2813197.378
MexG	MexG.3000806.NC_002516.4705955_4706402.138
MexH	MexH.3000807.NC_002516.4706409_4707522.294
MexI	MexI.3000808.NC_002516.4707534_4710624.163
MexJ	MexJ.3003692.NC_002516.2.4119269_4120373.4652
MexK	MexK.3003693.AE004091.2.4116187_4119265.4651
MexL	MexL.3003710.AE004091.2.4120468_4121107.3412
MexR	MexR.3000506.NC_002516.2.471305_471749.4703
MexS	MexS.3000813.HQ433550.0_1020.667
MexT	MexT.3000814.NC_002516.2.2807468_2808512.4446
MexV	MexV.3003030.AE004091.2.4903465_4904596.3464
MexW	MexW.3003031.NC_002516.2.4904646_4907703.3462
MexZ	MexZ.3003709.NC_002516.2.2212676_2213309.3420
Moraxella_catarrhalis_23S	Moraxella_catarrhalis_23S.3004138.NG_041971.1.0_3156.4107
Moraxella_catarrhalis_M35	Moraxella_catarrhalis_M35.3004124.AY905613.0_1077.4101
Mrx	Mrx.3003839.AY522923.1.7744_8983.4619
MuxA	MuxA.3004073.NC_002516.2.2854010_2855291.4518
MuxB	MuxB.3004074.NC_002516.2.2850882_2854014.4517
MuxC	MuxC.3004075.NC_002516.2.2847775_2850886.4515
MvaT	MvaT.3004069.NC_002516.2.4843811_4844186.4034
Mycobacterium_-	Mycobacterium_avium_23S.3004164.NG_041979.1.0_3112.4157	Mycobacterium_intracellulare_23S.3004166.NR_076151.1.0_3103.4177	Mycobacterium_intracellulare_23S.3004167.NR_076151.1.0_3103.4159	Mycobacterium_kansasii_23S.3004168.NZ_CP019883.1.5018387_5021505.4178	Mycobacterium_smegmatis_23S.3004169.AB011184.1.0_3162.4161
Mycobacterium_-_1	Mycobacterium_abscessus_23S.3004163.NC_010397.1.1464207_1467319.4156	Mycobacterium_chelonae_23S.3004165.GU143889.1.0_3113.4158
Mycobacterium_-_2	Mycobacterium_bovis_ndh.3003779.AM408590.1.2102609_2104001.4632	Mycobacterium_tuberculosis_ndh.3003461.AL123456.3.2101650_2103042.4726
Mycobacterium_abscessus_16S+	Mycobacterium_abscessus_16S.3003236.CU458896.1.1462398_1463901.3257	Mycobacterium_abscessus_16S.3003237.CU458896.1.1462398_1463901.3253	Mycobacterium_abscessus_16S.3003238.CU458896.1.1462398_1463901.3255	Mycobacterium_abscessus_16S.3003239.CU458896.1.1462398_1463901.3254	Mycobacterium_abscessus_16S.3003240.CU458896.1.1462398_1463901.3256	Mycobacterium_chelonae_16S.3003514.NR_114659.1.1_1441.3272	Mycobacterium_chelonae_16S.3003515.NR_114659.1.1_1441.3269	Mycobacterium_chelonae_16S.3003516.NR_114659.1.1_1441.3270	Mycobacterium_chelonae_16S.3003517.NR_114659.1.1_1441.3273	Mycobacterium_chelonae_16S.3003518.NR_114659.1.1_1441.3271	Mycobacterium_tuberculosis_16S.3003436.AL123456.3.1471846_1473382.3263	Mycobacterium_tuberculosis_16S.3003437.AL123456.3.1471846_1473382.3260	Mycobacterium_tuberculosis_16S.3003480.AL123456.3.1471845_1473382.4123	Mycobacterium_tuberculosis_16S.3003481.AL123456.3.1471846_1473382.3261	rrsA.3003539.NC_008596.1.3823614_3825143.4142	rrsA.3003543.NC_008596.1.3823614_3825143.4144	rrsA.3003544.NC_008596.1.3823614_3825143.4145	rrsA.3003546.NC_008596.1.3823614_3825143.4143	rrsB.3003540.X52922.1.0_1454.4148	rrsB.3003541.NC_008596.1.5027948_5029475.3250	rrsB.3003542.NC_008596.1.5027948_5029475.3251	rrsB.3003545.NC_008596.1.5027948_5029475.3249	rrsB.3003547.NC_008596.1.5027948_5029475.3248
Mycobacterium_smegmatis_ndh	Mycobacterium_smegmatis_ndh.3003778.NZ_CP009496.3684057_3685431.3551
Mycoplasma_fermentans_23S	Mycoplasma_fermentans_23S.3004177.NC_021002.1.901870_904756.4167
Mycoplasma_gallisepticum_23S	Mycoplasma_gallisepticum_23S.3004159.NC_004829.2.80510_83423.4152
Mycoplasma_hominis_23S	Mycoplasma_hominis_23S.3004176.CP011538.1.333282_336166.4166
Mycoplasma_pneumoniae_23S	Mycoplasma_pneumoniae_23S.3004179.NR_077056.1.0_2905.4169
NDM_-	NDM_1.3000589.FN396876.2406_3219.4450	NDM_10.3002360.KF361506.0_813.1749	NDM_12.3002362.AB926431.510_1323.1829	NDM_13.3003182.LC012596.3585_4398.1918	NDM_14.3003183.KM210086.1.9067_9880.3685	NDM_17.3004093.KX812714.0_813.4073	NDM_2.3000590.JF703135.0_813.777	NDM_3.3002354.JQ734687.0_813.859	NDM_4.3002355.JQ348841.0_813.939	NDM_5.3000467.JN104597.114_927.1025	NDM_6.3002356.JN967644.0_813.1103	NDM_7.3002357.JX262694.0_813.1183	NDM_8.3002358.AB744718.0_813.1270	NDM_9.3002359.KC999080.379_1192.1349
Neisseria_-	Neisseria_gonorrhoeae_16S.3003495.CP020418.383737_385288.4136	Neisseria_meningitidis_16S.3003497.NC_003112.60970_62514.4137
Neisseria_gonorrhoeae_porin	Neisseria_gonorrhoeae_porin.3000464.U75641.19_1066.54
Neisseria_meningititis_PBP2	Neisseria_meningititis_PBP2.3003937.NC_003112.2.419828_421574.3738
NmcR	NmcR.3003665.Z21956.1.191_1079.4662
OCH_-	OCH_1.3002514.AJ401618.1971_3144.1426	OCH_2.3002515.AJ295340.0_1173.1504	OCH_3.3002516.AJ295341.0_1173.1582	OCH_4.3002517.AJ295342.0_1173.1659	OCH_5.3002518.AJ295343.0_1173.1734	OCH_6.3002519.AJ295344.0_1173.1811	OCH_7.3002520.AJ295345.0_1173.1900	OCH_8.3002521.DQ489307.1070_2243.1979
OKP_-	OKP_A_1.3002418.AJ635401.0_861.765	OKP_A_10.3002427.AM051149.0_861.794	OKP_A_11.3002428.AM850915.19_880.876	OKP_A_12.3002429.AM850916.18_879.962	OKP_A_13.3002430.FJ534513.0_861.1040	OKP_A_14.3002431.FJ534512.0_861.1120	OKP_A_15.3002432.FJ755841.0_846.1200	OKP_A_16.3002433.FJ755840.0_861.1287	OKP_A_2.3002419.AJ635404.0_861.1365	OKP_A_3.3002420.AM051140.0_861.1447	OKP_A_4.3002421.AM051142.0_861.1520	OKP_A_5.3002422.AM051143.0_861.1598	OKP_A_6.3002423.AM051144.0_861.1675	OKP_A_7.3002424.AM051146.0_861.1750	OKP_A_8.3002425.AM051147.0_861.1830	OKP_A_9.3002426.AM051148.0_861.1919	OKP_B_1.3002434.AJ635402.0_861.1997	OKP_B_10.3002443.AM051160.0_861.795	OKP_B_11.3002444.AM051161.0_861.877	OKP_B_13.3002446.AY825330.0_861.1041	OKP_B_17.3002450.AM850919.24_885.1121	OKP_B_18.3002451.AM850920.40_901.1201	OKP_B_19.3002452.AM850921.24_885.1288	OKP_B_2.3002435.AM051151.0_861.1366	OKP_B_20.3002453.AM850922.24_885.1448	OKP_B_3.3002436.AM051152.0_861.1521	OKP_B_4.3002437.AM051153.0_861.1599	OKP_B_5.3002438.AM850918.24_885.1676	OKP_B_6.3002439.AM850917.17_878.1751	OKP_B_7.3002440.AM051156.0_861.1831	OKP_B_8.3002441.AM051157.0_861.1920	OKP_B_9.3002442.AM051159.0_861.1998
OXA_-	OXA_164.3001662.GU831575.0_843.1125	OXA_397.3001583.KM087865.0_843.1535	OXA_420.3003116.AB983359.2425_3268.2012	OXA_58.3001611.NC_010605.13383_14226.1217	OXA_96.3001631.DQ519090.62_905.1617	OXA_97.3001647.EF102240.1.11722_12565.4681
OXA_-_1	OXA_1.3001396.JN420336.1.1399_2230.4668	OXA_224.3001806.JN596991.2280_3111.1758	OXA_31.3001425.AF294653.753_1584.1211	OXA_320.3001793.KF151169.0_831.1840	OXA_4.3001399.JN129451.1036_1867.1690	OXA_47.3001781.AY237830.0_831.1614
OXA_-_10	OXA_211.3001710.JN861779.0_825.970	OXA_212.3001711.JN861780.0_825.1048	OXA_309.3001504.HF947514.0_825.1131	OXA_333.3001521.KF203107.0_825.1610	OXA_334.3001522.KF203108.0_825.1687
OXA_-_11	OXA_213.3001712.JN861781.0_822.1128	OXA_322.3001510.KF203096.0_822.1930	OXA_323.3001511.KF203097.0_822.2008	OXA_324.3001512.KF203098.0_822.807	OXA_325.3001513.KF203099.0_822.888	OXA_326.3001514.KF203100.0_822.974	OXA_327.3001515.KF203101.0_822.1052	OXA_328.3001516.KF203102.0_822.1132	OXA_329.3001517.KF203103.0_822.1212	OXA_330.3001518.KF203104.0_822.1377	OXA_331.3001519.KF203105.0_822.1459	OXA_332.3001520.KF203106.0_822.1532	OXA_348.3001535.KF297577.0_822.808	OXA_349.3001536.KF297578.0_822.889	OXA_350.3001537.KF297579.0_822.1053	OXA_351.3001538.KF297580.0_822.1133	OXA_352.3001539.KF297581.0_822.1213	OXA_353.3001540.KF297582.0_822.1300	OXA_354.3001541.KF297583.0_822.1378	OXA_357.3001544.KF421160.0_822.1611	OXA_358.3001545.KF421161.0_822.1688	OXA_359.3001546.KF421162.0_822.1763
OXA_-_12	OXA_136.3001765.EU086830.88_898.2000	OXA_137.3001767.EU086834.88_898.799	OXA_192.3001766.JF273470.0_810.1756	OXA_63.3001764.AY619003.703_1510.1615
OXA_-_13	OXA_42.3001769.AJ488302.0_810.1934	OXA_43.3001770.AJ488303.0_810.1303	OXA_57.3001771.AJ631966.0_810.1137	OXA_59.3001772.AJ632249.0_810.1304
OXA_-_14	OXA_129.3001811.AM932669.698_1502.1450	OXA_5.3001400.X58272.79_883.1844
OXA_-_15	OXA_10.3001405.AF205943.7511_8312.878	OXA_101.3001439.AM412777.117_918.1042	OXA_11.3001406.Z22590.154_955.1522	OXA_13.3001408.U59183.939_1740.1523	OXA_142.3001803.EU358785.720_1521.1204	OXA_145.3001804.FJ790516.1287_2085.1451	OXA_147.3001801.FJ848783.1270_2071.1602	OXA_183.3001475.HQ111474.1056_1857.1526	OXA_19.3001414.AF043381.943_1744.1681	OXA_233.3001495.KJ657570.0_801.1209	OXA_240.3001499.JX089628.0_801.1684	OXA_246.3001807.KF711993.0_801.886	OXA_251.3001500.JN118546.1761_2562.1375	OXA_256.3001502.HE616889.1826_2627.1685	OXA_28.3001423.AF231133.1345_2146.887	OXA_35.3001429.AF315786.1313_2114.975	OXA_454.3003610.LC037981.0_801.2122	OXA_56.3001795.AY445080.0_801.1056	OXA_7.3001402.X75562.134_935.894	OXA_74.3001798.AJ854182.0_801.1305
OXA_-_16	OXA_118.3001768.AF371964.118_919.965	OXA_119.3001775.AY139598.1486_2287.1043	OXA_205.3001483.JF800667.657_1458.1682	OXA_46.3001797.JX131372.1478_2279.1536
OXA_-_17	OXA_20.3001415.NC_010611.251961_252762.1207	OXA_37.3001431.AY007784.1122_1923.1134
OXA_-_18	OXA_162.3001776.HM015773.2126_2924.967	OXA_163.3001783.HQ700343.0_786.1045	OXA_181.3001784.JN205800.4140_4938.1371	OXA_199.3001814.JN704570.4038_4836.1047	OXA_204.3001788.JQ809466.5374_6172.1605	OXA_232.3001778.JX423831.2676_3474.1129	OXA_244.3001786.JX438000.0_798.2006	OXA_245.3001787.JX438001.0_798.805	OXA_247.3001791.JX893517.0_786.972	OXA_370.3001774.KF900153.0_798.1214	OXA_48.3001782.AY236073.2187_2985.1691
OXA_-_19	OXA_436.3003128.KY863418.1.140925_141723.4261	OXA_535.3004362.KX828709.1.0_798.4262
OXA_-_2	OXA_228.3001691.JQ422053.99_930.2005	OXA_229.3001692.JQ422052.1099_1930.804	OXA_230.3001693.JQ422054.100_931.971	OXA_257.3001694.KC567681.1210_2041.1760	OXA_355.3001542.KF297584.0_831.1460	OXA_356.3001543.KF297585.0_831.1533	OXA_418.3002496.KJ997966.0_831.2112
OXA_-_3	OXA_235.3001676.JQ820240.590_1421.1296	OXA_236.3001677.JQ820242.0_831.1374	OXA_237.3001678.JQ820241.0_831.1456	OXA_278.3001681.KC771279.0_831.806	OXA_360.3001547.KF421163.0_831.1932
OXA_-_4	OXA_134.3001695.HQ122933.0_822.1922	OXA_335.3001523.KF203109.0_822.1762	OXA_361.3001548.KF460531.0_831.2010	OXA_362.3001549.KF460532.0_831.809	OXA_363.3001550.KF460533.0_831.890
OXA_-_5	OXA_139.3001451.AM991978.0_828.966	OXA_160.3001663.GU199038.1195_2023.800	OXA_207.3001485.JQ838185.0_828.1836	OXA_24.3001419.AF509241.0_828.1607	OXA_25.3001420.AF201826.21_849.1210	OXA_26.3001421.AF201827.21_849.1929
OXA_-_6	OXA_141.3001802.EF552405.12_840.1124	OXA_15.3001410.U63835.127_955.1834	OXA_161.3001799.GQ202693.1171_1999.881	OXA_2.3001397.M95287.4.2455_3283.4417	OXA_21.3001416.Y10693.0_828.803	OXA_210.3001487.JF795487.0_828.884	OXA_226.3001800.FJ617207.0_828.1927	OXA_3.3001398.L07945.60_888.1051	OXA_32.3001426.AF315351.672_1500.1761	OXA_415.3001606.KJ865754.0_828.1765
OXA_-_7	OXA_143.3001654.GQ861437.2913_3741.1291	OXA_182.3001709.HM640278.0_828.1453	OXA_231.3001670.JQ326200.193_1021.1049	OXA_253.3001689.KC479324.575_1403.1457	OXA_255.3001690.KC479325.668_1496.1608
OXA_-_8	OXA_100.3001438.AM231720.0_825.964	OXA_106.3001637.EF650032.0_825.1202	OXA_107.3001638.EF650033.0_825.1289	OXA_108.3001639.EF650034.0_825.1367	OXA_109.3001640.EF650035.0_825.1449	OXA_110.3001641.EF650036.0_825.1600	OXA_111.3001642.EF650037.0_825.1677	OXA_112.3001643.EF650038.0_825.1752	OXA_113.3001644.EF653400.434_1259.1832	OXA_115.3001440.EU029998.575_1400.1999	OXA_120.3001672.HE963768.0_825.1203	OXA_121.3001443.KF057027.0_825.1290	OXA_128.3001648.EU375515.0_825.1368	OXA_130.3001651.EU547445.0_825.1601	OXA_131.3001652.EU547446.0_825.1678	OXA_132.3001653.EU547447.0_825.1753	OXA_138.3001655.EU670845.1594_2419.880	OXA_144.3002480.FJ872530.0_825.1369	OXA_148.3001453.GQ853679.0_825.1679	OXA_149.3001454.GQ853680.0_825.1754	OXA_150.3001455.GQ853681.0_825.1923	OXA_172.3001656.HM113558.0_825.1835	OXA_173.3001657.HM113559.0_825.1924	OXA_174.3001658.HM113560.0_825.2002	OXA_175.3001659.HM113561.0_825.801	OXA_176.3001660.HM113562.0_825.882	OXA_177.3001661.HM113563.0_825.968	OXA_178.3001472.HM113564.0_825.1046	OXA_179.3001473.HM570035.0_825.1126	OXA_180.3001474.HM570036.0_825.1293	OXA_200.3001665.HQ734811.0_825.1294	OXA_201.3001666.HQ734812.0_825.1372	OXA_202.3001667.HQ734813.0_825.1454	OXA_203.3001664.HQ998857.0_825.1527	OXA_206.3001484.AB634250.0_825.1757	OXA_208.3001486.FR853176.0_825.1926	OXA_216.3001488.FR865168.0_825.1373	OXA_217.3001489.JN603240.0_825.1455	OXA_219.3001668.JN215211.0_825.1528	OXA_223.3001669.JN248564.0_825.1683	OXA_241.3001679.JX025021.0_825.1759	OXA_242.3001680.JX025022.0_825.1838	OXA_248.3001673.HE963769.0_825.1050	OXA_249.3001674.HE963770.0_825.1130	OXA_250.3001675.HE963771.0_825.1297	OXA_254.3001682.AB781687.0_825.1530	OXA_312.3001683.KF057029.0_825.1298	OXA_313.3001684.KF057030.0_825.1376	OXA_314.3001685.KF057031.0_825.1458	OXA_315.3001686.KF057032.0_825.1531	OXA_316.3001687.KF057033.0_825.1609	OXA_317.3001688.KF057034.0_825.1686	OXA_338.3001526.KF048909.0_825.1841	OXA_365.3001552.KF885217.0_825.976	OXA_371.3001557.AB871653.11870_12695.1301	OXA_374.3001560.KF986255.16_841.1379	OXA_375.3001561.KF986256.1.40_865.4687	OXA_376.3001562.KF986257.20_845.1534	OXA_377.3001563.KF986258.14_839.1612	OXA_378.3001564.KF986259.1.16_841.4743	OXA_379.3001565.KF986260.20_845.1764	OXA_380.3001566.KF986261.44_869.4501	OXA_381.3001567.KJ135344.14_839.1933	OXA_382.3001568.KJ135345.14_839.2011	OXA_383.3001569.KF986262.1.27_852.4750	OXA_384.3001570.KF986263.1.90_915.4737	OXA_385.3001571.KF986253.15_840.4575	OXA_386.3001572.KF986254.34_859.4559	OXA_387.3001573.KJ173478.0_825.1135	OXA_388.3001574.KJ135343.14_839.1215	OXA_389.3001575.KJ135346.14_839.1302	OXA_390.3001576.KJ135342.1.48_873.4706	OXA_391.3001577.KJ427797.0_825.1462	OXA_424.3003147.KM588352.0_825.1055	OXA_425.3003148.KM588353.0_825.1136	OXA_426.3003149.KM588354.0_825.1216	OXA_51.3001612.AJ309734.0_825.2013	OXA_64.3001613.AY750907.0_825.1692	OXA_65.3001614.AY750908.0_825.1767	OXA_66.3001615.EF016356.1.0_825.4337	OXA_67.3001437.DQ491200.0_825.1936	OXA_68.3001616.AY750910.0_825.2014	OXA_69.3001617.NC_010410.2175316_2176141.813	OXA_70.3001618.AY750912.0_825.980	OXA_71.3001619.AY750913.0_825.1057	OXA_75.3001620.NC_010400.1959577_1960402.1382	OXA_76.3001621.AY949203.0_825.1465	OXA_77.3001622.AY949202.0_825.1538	OXA_78.3001645.AY862132.0_825.1616	OXA_79.3001633.EU019534.0_825.1693	OXA_80.3001634.EU019535.0_825.1768	OXA_82.3001635.EU019536.0_825.1846	OXA_83.3001623.DQ309277.0_825.1937	OXA_84.3001624.DQ309276.0_825.2015	OXA_86.3001703.DQ149247.0_825.895	OXA_87.3001704.DQ348075.0_825.981	OXA_88.3001626.DQ392963.8_833.1058	OXA_89.3001625.DQ445683.0_825.1139	OXA_90.3001650.AM231719.0_825.1306	OXA_91.3001627.DQ519086.1198_2023.1383	OXA_92.3001632.DQ335566.0_825.1427	OXA_93.3001628.DQ519087.38_863.1428	OXA_94.3001629.DQ519088.8_833.1466	OXA_95.3001630.DQ519089.8_833.1539	OXA_98.3001646.AM279652.0_825.1769	OXA_99.3001649.DQ888718.0_825.1847
OXA_-_9	OXA_133.3001702.EU571228.822_1644.1833	OXA_146.3001779.FJ194494.171_996.1524	OXA_165.3001465.HM488986.0_822.1205	OXA_166.3001466.HM488987.0_822.1292	OXA_167.3001467.HM488988.0_822.1370	OXA_168.3001468.HM488989.0_822.1452	OXA_169.3001469.HM488990.0_822.1525	OXA_170.3001470.HM488991.0_822.1680	OXA_171.3001471.HM488992.0_822.1755	OXA_225.3001493.JN638887.0_822.1837	OXA_23.3001418.AY795964.0_822.885	OXA_239.3001498.JQ837239.0_822.1529	OXA_27.3001422.AF201828.2.115_937.4236	OXA_366.3001553.KP050485.0_822.2111	OXA_398.3001584.KM087842.0_822.1613	OXA_422.3003160.KM433671.0_822.892	OXA_423.3003161.KM433672.0_822.978	OXA_435.3003162.KP144324.0_822.2121	OXA_49.3001671.AY288523.0_825.1766	OXA_73.3001785.AY762325.115_937.1218
OXA_114a	OXA_114a.3001609.EU188842.0_828.1921
OXA_12	OXA_12.3001407.U10251.180_975.1123
OXA_18	OXA_18.3001413.U85514.149_977.1206
OXA_184	OXA_184.3001476.JQ396378.0_747.1604
OXA_198	OXA_198.3001805.HQ634775.3012_3801.969
OXA_209	OXA_209.3001809.JF268688.1.5407_6232.4700
OXA_21-	OXA_214.3001713.JN861782.0_828.1208	OXA_215.3001714.JN861783.0_828.1295
OXA_22	OXA_22.3001417.AF064820.951_1776.1606
OXA_243	OXA_243.3001610.JX206446.0_828.1928
OXA_258	OXA_258.3001503.HE614014.0_825.1839
OXA_29	OXA_29.3001424.AJ400619.33_834.973
OXA_347	OXA_347.3001777.JN086160.1582_2407.4583
OXA_421	OXA_421.3003117.KM401566.1.1211_2033.4698
OXA_45	OXA_45.3001794.AJ519683.281_1076.1463
OXA_50	OXA_50.3001796.AY306130.0_789.1935
OXA_53	OXA_53.3001810.AY289608.616_1444.812
OXA_54	OXA_54.3001812.AY500137.0_798.893
OXA_55	OXA_55.3001813.AY343493.76_946.979
OXA_60	OXA_60.3001808.AF525303.2770_3586.1381
OXA_61	OXA_61.3001773.AY587956.0_774.1464
OXA_62	OXA_62.3001792.AY423074.0_858.1537
OXA_85	OXA_85.3001780.AY227054.0_765.814
OXA_9	OXA_9.3001404.M55547.0_825.1219
OXY_-	OXY_1_1.3002389.Z30177.348_1224.1938	OXY_1_2.3002390.AJ871865.0_876.2016	OXY_1_3.3002391.AY077482.161_1037.815	OXY_1_4.3002392.AY077483.182_1055.896	OXY_1_6.3002394.Y17715.146_1022.982	OXY_4_1.3002410.AY077481.185_1058.1939	OXY_5_1.3002411.AJ871869.0_873.2017	OXY_5_2.3002412.AJ871871.0_873.816	OXY_6_1.3002413.AJ871874.0_876.897	OXY_6_2.3002414.AJ871875.0_873.983	OXY_6_3.3002415.AJ871876.0_876.1060	OXY_6_4.3002416.AJ871877.0_876.1141
OXY_2_-	OXY_2_1.3002396.AJ871866.0_873.1059	OXY_2_10.3002405.FJ785626.131_1004.1140	OXY_2_2.3002397.AF473577.0_873.1220	OXY_2_3.3002398.AY077488.161_1031.1307	OXY_2_4.3002399.Y17714.146_1016.1384	OXY_2_5.3002400.AJ746227.94_967.1467	OXY_2_6.3002401.AY077485.183_1056.1540	OXY_2_7.3002402.Z49084.311_1184.1618	OXY_2_8.3002403.AY055205.181_1054.1695	OXY_2_9.3002404.FJ785625.131_1001.1770
OXY_3_1	OXY_3_1.3002409.AF491278.183_1050.1848
OpmB	OpmB.3004072.NC_002516.2.2846282_2847779.4519
OpmD	OpmD.3000809.NC_002516.4710620_4712084.548
OpmH	OpmH.3003682.NC_002516.2.5584100_5585549.3383
OprA	OprA.3003039.AB639410.0_1404.315
OprJ	OprJ.3000802.U57969.4622_6062.385
OprM	OprM.3000379.NC_002516.476332_477790.427
OprN	OprN.3000805.NC_002516.2813193_2814612.309
OprZ	OprZ.3004142.AFRQ01000061.1.22598_23990.4486
PDC_-	PDC_1.3002497.FJ666065.0_1194.1308	PDC_10.3002509.FJ666073.0_1194.1385	PDC_2.3002498.FJ666064.0_1194.1468	PDC_3.3002500.FJ666066.0_1194.1541	PDC_4.3002501.FJ666067.0_1194.1619	PDC_5.3002502.FJ666068.0_1194.1696	PDC_6.3002505.FJ666069.0_1194.1771	PDC_7.3002506.FJ666070.0_1194.1849	PDC_8.3002507.FJ666071.0_1194.1940	PDC_9.3002508.FJ666072.0_1194.2018
PEDO_1	PEDO_1.3003670.KP109677.4318_5179.3429
PEDO_2	PEDO_2.3003714.KP109678.5817_6675.3428
PEDO_3	PEDO_3.3003715.KP109679.2260_2974.3427
PER_-	PER_1.3002363.Z21957.1.284_1211.4747	PER_3.3002365.AY740681.7102_8029.984	PER_4.3002366.EU748544.0_927.1061	PER_7.3002369.HQ713678.5756_6683.1309
PER_2	PER_2.3002364.X93314.0_927.898
PER_6	PER_6.3002368.GQ396303.0_927.1229
Pasteurella_multocida_16S	Pasteurella_multocida_16S.3003493.NC_002663.1.341427_342977.3252
Planobispora_rosea_EF_Tu	Planobispora_rosea_EF_Tu.3003361.U67308.1.476_1670.3512
PmpM	PmpM.3004077.NC_002516.2.1472546_1473980.4505
PmrF	PmrF.3003578.U00096.2367070_2368039.2115
Propionibacteria_23S_rRNA	Propionibacteria_23S_rRNA.3004161.Y10819.1.1849_4984.4155
Propionibacterium_acnes_16S	Propionibacterium_acnes_16S.3003499.NR_040847.1.0_1486.3259
Pseudomonas_aeruginosa_CpxR	Pseudomonas_aeruginosa_CpxR.3004054.LT673656.1.1884344_1885022.4526
Pseudomonas_aeruginosa_catB6	Pseudomonas_aeruginosa_catB6.3002678.AJ223604.3017_3650.295
Pseudomonas_aeruginosa_catB7	Pseudomonas_aeruginosa_catB7.3002679.NC_002516.2.779462_780101.4740
Pseudomonas_mutant_PhoP	Pseudomonas_mutant_PhoP.3003895.NC_002516.2.1277687_1278365.3670
Pseudomonas_mutant_PhoQ	Pseudomonas_mutant_PhoQ.3003896.NC_002516.2.1278361_1279708.3672
PvrR	PvrR.3003688.AF482691.2.2796_3996.3389
QepA-	QepA1.3000448.JQ064560.0_1536.398	QepA2.3004103.NG_050460.1.100_1636.4083	QepA4.3004379.KX686116.1.0_1536.4268
QnrA-	QnrA1.3002707.DQ831141.8921_9578.403	QnrA2.3002708.HQ449669.0_657.465	QnrA3.3002709.DQ058661.0_657.510	QnrA4.3002710.DQ058662.0_657.553	QnrA5.3002711.DQ058663.0_657.588	QnrA6.3002712.DQ151889.0_657.3348	QnrA7.3002713.GQ463707.0_657.712
QnrB-	QnrB1.3002714.DQ351241.1.36_681.4449	QnrB10.3002724.DQ631414.0_681.88	QnrB13.3002727.EU273755.0_681.213	QnrB14.3002728.EU273757.0_681.255	QnrB15.3002730.EU302865.0_681.297	QnrB16.3002731.EU136183.0_681.349	QnrB17.3002732.AM919398.0_681.388	QnrB18.3002733.AM919399.0_681.424	QnrB19.3002734.JX298080.433_1078.484	QnrB20.3002735.AB379831.0_681.573	QnrB23.3002738.FJ981622.0_681.720	QnrB24.3002739.HM192542.0_681.756	QnrB26.3002741.HQ386846.0_681.114	QnrB29.3002744.HM439649.0_681.235	QnrB3.3002716.DQ303920.0_681.277	QnrB30.3002745.HM439650.0_681.327	QnrB32.3002747.JN173054.36_681.405	QnrB36.3002751.JN173058.36_681.591	QnrB42.3002757.JN680743.0_645.35	QnrB47.3002762.JX440358.130_775.147	QnrB48.3002763.JQ762640.36_681.177	QnrB49.3002764.JQ582718.0_681.214	QnrB5.3002719.DQ303919.0_681.256	QnrB50.3002765.JX440357.135_780.298	QnrB54.3002767.HE820727.586_1231.350	QnrB56.3002769.JX259317.0_681.425	QnrB57.3002770.JX259318.0_681.485	QnrB58.3002771.JX259319.0_681.532	QnrB59.3002772.JX259320.0_681.574	QnrB6.3002720.EF520349.0_681.610	QnrB61.3002774.AB734053.2303_2948.721	QnrB62.3002775.JX987101.0_681.757	QnrB67.3002779.KC580656.0_645.192	QnrB68.3002780.KC580657.0_645.236	QnrB7.3002721.EU043311.0_645.328	QnrB70.3002782.KC580659.0_645.370	QnrB71.3002783.KC580660.0_645.406	QnrB72.3002784.KC741443.0_645.469	QnrB74.3002786.KJ415247.0_645.556	QnrB9.3002723.EF526508.0_645.681
QnrB-_1	QnrB2.3002715.EF488762.0_645.531	QnrB31.3002746.HQ418999.0_681.369	QnrB46.3002761.HQ704413.0_681.89	QnrB64.3002776.KC580653.0_645.74	QnrB66.3002778.KC580655.0_645.157
QnrB-_2	QnrB11.3002725.EF653270.0_648.146	QnrB12.3002726.AM774474.2431_3079.176	QnrB22.3002737.FJ981621.0_648.689	QnrB34.3002749.JN173056.35_683.512	QnrB37.3002752.JN173059.35_680.679	QnrB4.3002718.DQ303921.0_648.748	QnrB55.3002768.KF730650.0_645.389	QnrB65.3002777.KC580654.0_645.115	QnrB69.3002781.KC580658.0_645.278
QnrB-_3	QnrB21.3002736.FJ611948.0_645.609	QnrB25.3002740.HQ172108.0_645.73	QnrB27.3002742.HM439641.0_645.156	QnrB28.3002743.HM439643.0_645.191	QnrB33.3002748.JN173055.35_680.468	QnrB35.3002750.JN173057.2306_2951.555	QnrB38.3002753.JN173060.2306_2951.715	QnrB60.3002773.AB734055.376_1021.690	QnrB73.3002785.KF443075.0_645.513	QnrB8.3002722.EU043312.0_645.592
QnrC	QnrC.3002787.EU917444.1716_2382.508
QnrD-	QnrD1.3002788.FJ228229.553_1198.746	QnrD2.3002789.KJ158441.2732_3377.33
QnrS-	QnrS1.3002790.DQ449578.0_657.87	QnrS4.3002793.FJ418153.0_657.212	QnrS5.3002794.HQ631377.0_657.254	QnrS7.3002796.KF730651.0_657.348	QnrS8.3002797.KF730652.0_657.387	QnrS9.3002798.KF732714.0_657.632
QnrS-_1	QnrS2.3002791.DQ485530.0_657.145	QnrS6.3002795.HQ631376.0_657.296
QnrVC-	QnrVC1.3002799.EU436855.1401_2058.423	QnrVC3.3002800.HM015626.883_1540.483	QnrVC6.3002803.KC202804.3874_4531.631
QnrVC-_1	QnrVC4.3002801.GQ891757.2004_2661.530	QnrVC5.3002802.JN408080.0_657.572	QnrVC7.3003193.KM555152.0_657.3307
R39	R39.3003565.X53650.320_1235.3308
RCP_1	RCP_1.3003563.X15791.1375_2257.3306
ROB_1	ROB_1.3002995.X52872.220_1138.1386
RSA_1	RSA_1.3004444.MG739510.1.0_858.4271
RSA_2	RSA_2.3004445.MG739504.1.0_852.4272
RbpA	RbpA.3000245.HQ203032.0_345.356
Rhodococcus_fascians_cmr	Rhodococcus_fascians_cmr.3002701.Z12001.992_2168.663
RlmA_II_	RlmA_II_.3001301.CP007593.1.2148923_2149772.3534
Rm3	Rm3.3003894.KF485393.2.6723_7632.3669
SAT_2	SAT_2.3002895.AB211124.0_525.584
SAT_3	SAT_3.3002898.Z48231.220_763.673
SAT_4	SAT_4.3002897.U01945.373_916.459
SFB_1	SFB_1.3003557.AY590119.0_735.3311
SFH_1	SFH_1.3000849.AF197943.0_705.1878
SHV_-	SHV_100.3001338.AM941846.0_900.1542	SHV_106.3001155.AM941847.0_861.2019	SHV_107.3001156.AM941848.0_861.818	SHV_11.3001070.X98101.73_934.1062	SHV_110.3001159.HQ877615.0_861.1143	SHV_122.3001169.HM751103.1.0_864.4356	SHV_137.3001181.HQ661363.71_932.1388	SHV_156.3001195.JX121123.0_861.1558	SHV_16.3001075.AF072684.117_993.1872	SHV_173.3001357.KF513178.0_861.1390	SHV_182.3001364.KP050489.0_861.2124	SHV_183.3001351.HG934764.0_864.1945	SHV_187.3003154.LN515533.0_867.917	SHV_188.3003155.LN515534.0_873.989	SHV_27.3001085.AF293345.0_861.1873	SHV_28.3001086.AF299299.0_861.1946	SHV_32.3001090.AY037778.91_952.1066	SHV_43.3001101.AY065991.6_867.1947	SHV_45.3001103.AF547625.0_861.834	SHV_51.3001108.AY289548.0_861.1316	SHV_55.3001111.AJ863560.0_861.1562	SHV_67.3001122.DQ174307.4_865.1237	SHV_71.3001125.AM176546.0_861.1563	SHV_74.3001128.AM176549.30_891.1792	SHV_75.3001129.AM176550.30_891.1876	SHV_77.3001131.AM176552.30_891.2027	SHV_81.3001135.AM176556.25_886.1151	SHV_9.3001068.S82452.120_978.1717	SHV_93.3001145.EF373969.0_861.1877	SHV_99.3001337.AM941845.0_861.1070
SIM_1	SIM_1.3000846.GQ288397.0_741.1152
SLB_1	SLB_1.3003556.AY590118.0_750.3312
SMB_1	SMB_1.3000854.AB636283.0_843.1239
SME_-	SME_1.3002379.Z28968.0_885.1319	SME_2.3002380.AF275256.0_885.1396	SME_3.3002381.AY584237.123_1008.1487	SME_4.3002382.KF481967.0_885.1565	SME_5.3002383.KJ188748.0_885.1642
SPG_1	SPG_1.3003720.KP109680.1254_2112.3435
SPM_1	SPM_1.3003793.AJ492820.1.404_1235.3564
SRT_-	SRT_1.3002493.AB008454.153_1290.1718	SRT_2.3002494.AY524276.0_1137.1794
Sed_1	Sed_1.3003561.AF321608.0_888.3310
Shigella_flexneri_chloramphenicol+	Shigella_flexneri_chloramphenicol.3004459.AF326777.3.23980_24640.4466	catI.3002683.V00622.243_903.482	plasmid_encoded_cat__pp_cat_.3002689.D16171.382_1042.486
Staphylococcus_aureus_23S	Staphylococcus_aureus_23S.3004058.NZ_CP009828.1.497113_500039.4128
Staphylococcus_aureus_cls	Staphylococcus_aureus_cls.3003074.NC_007795.2155375_2156860.740
Streptococcus_mitis_CdsA	Streptococcus_mitis_CdsA.3004097.CP019562.1.220125_220929.4106
Streptococcus_pneumoniae_23S	Streptococcus_pneumoniae_23S.3004170.NZ_CP018138.1.1692408_1695312.4179	Streptococcus_pneumoniae_23S.3004181.NZ_CP018138.1.1692408_1695312.4171
Streptococcus_pneumoniae_PBP1a	Streptococcus_pneumoniae_PBP1a.3003041.JN645776.0_2160.692
Streptococcus_pneumoniae_PBP2b	Streptococcus_pneumoniae_PBP2b.3003042.NC_003098.1.1494215_1496273.4741
Streptococcus_pneumoniae_PBP2x	Streptococcus_pneumoniae_PBP2x.3003043.JN645706.0_2253.331
Streptomyces_ambofaciens_23S	Streptomyces_ambofaciens_23S.3004171.NZ_CP012949.1.4334992_4338141.4163
Streptomyces_cinnamoneus_EF_Tu	Streptomyces_cinnamoneus_EF_Tu.3003359.X98831.1.361_1555.3578
TEM_-	TEM_1.3000873.AL513383.161910_162771.1951	TEM_10.3000882.AF093512.197_1058.2029	TEM_101.3000964.AF495873.0_861.842	TEM_102.3000965.AY040093.68_929.923	TEM_104.3000967.AF516719.214_1075.995	TEM_105.3000968.AF516720.214_1075.1071	TEM_106.3000969.AY101578.214_1075.1153	TEM_107.3000970.AY101764.206_1067.1240	TEM_108.3000971.AF506748.38_899.1320	TEM_109.3000972.AY628175.210_1071.1397	TEM_11.3000883.AY874537.177_1038.1488	TEM_110.3000973.AY072920.0_861.1566	TEM_111.3000974.AF468003.0_861.1643	TEM_112.3000975.AY589493.166_1027.1719	TEM_113.3000976.AY589494.193_1054.1795	TEM_114.3000977.AY589495.181_1042.1879	TEM_115.3000978.AF535127.208_1069.1952	TEM_116.3000979.NC_002156.1429_2290.2030	TEM_12.3000884.M88143.367_1228.996	TEM_120.3000982.AY243512.208_1069.1072	TEM_121.3000983.AY271267.0_861.1154	TEM_122.3000984.AY307100.0_861.1241	TEM_123.3000985.AY327539.0_858.1321	TEM_124.3000986.AY327540.0_858.1398	TEM_125.3000987.AY628176.75_936.1489	TEM_126.3000988.AY628199.203_1064.1567	TEM_127.3000989.AY368236.0_861.1644	TEM_128.3000990.AY368237.0_861.1720	TEM_129.3000993.AJ746225.0_861.1796	TEM_130.3000994.AJ866988.0_861.1880	TEM_132.3000996.AY491682.0_861.2031	TEM_133.3000997.AY528425.0_861.844	TEM_134.3000998.AY574271.0_861.925	TEM_135.3000999.AJ634602.1.7839_8700.4683	TEM_136.3001000.AY826417.0_861.1073	TEM_137.3001001.AM286274.0_861.1155	TEM_138.3001002.AY853593.214_1075.1242	TEM_139.3001003.DQ072853.0_861.1322	TEM_141.3001004.AY956335.38_899.1399	TEM_142.3001005.DQ388882.0_861.1490	TEM_143.3001006.DQ075245.217_1078.1568	TEM_144.3001007.AM049399.0_861.1645	TEM_145.3001012.DQ105528.0_861.1721	TEM_146.3001013.DQ105529.0_861.1797	TEM_147.3001014.DQ279850.0_861.1881	TEM_148.3001015.AM087454.208_1069.1954	TEM_149.3001016.DQ369751.0_861.2032	TEM_15.3000886.AM849805.262_1123.845	TEM_150.3001017.AM183304.208_1069.926	TEM_151.3001018.DQ834729.205_1066.998	TEM_152.3001019.DQ834728.205_1066.1074	TEM_153.3001369.KC149518.0_861.1156	TEM_154.3001020.FJ807656.0_861.1243	TEM_155.3001021.DQ679961.114_975.1323	TEM_156.3001022.AM941159.208_1069.1400	TEM_157.3001023.DQ909059.0_861.1491	TEM_158.3001024.EF534736.213_1074.1569	TEM_159.3001025.EF136376.0_861.1646	TEM_16.3000887.X65254.175_1036.1722	TEM_160.3001026.EF136377.0_861.1798	TEM_162.3001028.EF468463.66_927.1882	TEM_163.3001029.EU815939.0_861.1955	TEM_164.3001030.EU274580.214_1075.2033	TEM_166.3001032.FJ197316.0_861.846	TEM_167.3001033.FJ360884.213_1074.927	TEM_168.3001034.FJ919776.208_1069.999	TEM_17.3000888.Y14574.0_861.1157	TEM_171.3001037.GQ149347.5269_6130.1244	TEM_176.3001041.GU550123.144_1005.1324	TEM_177.3001042.FN652295.0_861.1401	TEM_178.3001043.X97254.153_1011.1492	TEM_182.3001373.HQ317449.0_861.1570	TEM_183.3001045.HQ529916.110_971.1647	TEM_184.3001375.FR848831.0_861.1723	TEM_185.3001374.JF795538.0_861.1799	TEM_186.3001046.JN227084.308_1169.1883	TEM_187.3001047.HM246246.211_1069.1956	TEM_188.3001048.JN211012.213_1074.2034	TEM_189.3001049.JN254627.0_861.847	TEM_19.3000890.JX042489.141_1002.928	TEM_190.3001050.JN416112.0_861.1000	TEM_193.3001053.JN935135.0_861.1245	TEM_194.3001054.JN935136.0_861.1325	TEM_195.3001055.JN935137.0_861.1402	TEM_196.3001376.JQ034306.0_861.3690	TEM_197.3001056.HQ877606.0_861.1493	TEM_198.3001057.AB700703.161_1022.1571	TEM_2.3000874.X54606.214_1075.1724	TEM_201.3001378.JX310327.0_861.1884	TEM_206.3001383.KC783461.0_861.2035	TEM_207.3001384.KC818234.0_861.848	TEM_208.3001385.KC865667.183_1044.929	TEM_209.3001386.KF240808.0_861.1001	TEM_211.3001388.KF513179.0_861.1159	TEM_214.3001391.KP050491.0_861.2126	TEM_215.3001392.KP050492.0_861.2127	TEM_216.3001393.KF944358.0_861.1494	TEM_217.3001394.HG934763.0_861.1572	TEM_219.3003157.KM114268.0_861.1649	TEM_220.3003158.KM998962.1.0_861.3723	TEM_24.3000894.X65253.175_1036.1801	TEM_28.3000898.U37195.75_936.1958	TEM_3.3000875.X64523.1.476_1337.4678	TEM_30.3000900.AJ437107.208_1069.930	TEM_33.3000903.GU371926.50304_51165.4506	TEM_34.3000904.KC292503.4334_5195.1160	TEM_4.3000876.NG_050265.100_961.4276	TEM_40.3000910.FR717535.0_861.1247	TEM_43.3000912.U95363.0_861.1403	TEM_45.3000914.X95401.208_1069.1495	TEM_47.3000916.Y10279.0_861.1573	TEM_48.3000917.Y10280.0_861.1650	TEM_49.3000918.Y10281.0_861.1726	TEM_52.3000921.Y13612.0_861.1802	TEM_53.3000922.AF104441.193_1054.1886	TEM_54.3000923.AF104442.193_1054.1959	TEM_55.3000924.DQ286729.0_861.2037	TEM_57.3000926.FJ405211.0_861.850	TEM_6.3000878.X57972.339_1200.1002	TEM_60.3000929.AF047171.135_996.1079	TEM_63.3000931.AF332513.103_964.1161	TEM_67.3000934.AF091113.450_1311.1248	TEM_68.3000935.AJ239002.0_861.1327	TEM_70.3000936.AF188199.214_1075.1496	TEM_71.3000937.AF203816.210_1071.1574	TEM_72.3000938.AF157553.147_1008.1651	TEM_73.3000939.AJ012256.208_1069.3324	TEM_76.3000942.AF190694.208_1069.1887	TEM_78.3000944.AF190693.208_1069.2038	TEM_79.3000946.AF190692.208_1069.851	TEM_8.3000880.X65252.175_1036.932	TEM_80.3000947.AF347054.208_1069.1003	TEM_81.3000948.AF427127.208_1069.1080	TEM_82.3000949.AF427128.208_1069.1162	TEM_83.3000950.AF427129.208_1069.1249	TEM_84.3000951.AF427130.208_1069.1328	TEM_85.3000952.AJ277414.0_861.1405	TEM_86.3000953.AJ277415.0_861.1497	TEM_87.3000954.AF250872.0_861.1575	TEM_88.3000955.AY027590.112_973.1652	TEM_90.3000957.AF351241.89_950.1804	TEM_91.3000958.AB049569.0_861.1888	TEM_92.3000959.AF143804.0_861.1961	TEM_93.3000960.AJ318093.0_861.2039	TEM_94.3000961.AJ318094.0_861.852	TEM_95.3000962.AJ308558.181_1042.933	TEM_96.3000963.AY092401.0_861.1004
THIN_B	THIN_B.3000851.AJ250876.36_987.1081
TLA_1	TLA_1.3003202.AF148067.213_1158.3315
TLA_2	TLA_2.3003203.AJ698325.1.14502_15417.4456
TLA_3	TLA_3.3003204.NG_050312.100_1030.3603
TMB_-	TMB_1.3004105.NG_050313.15_753.4085	TMB_2.3004106.AB758278.98_836.4086
TRU_1	TRU_1.3004450.NG_047550.1.0_1149.4275
TUS_1	TUS_1.3000844.AF441287.260_1007.1163
TaeA	TaeA.3003986.KX531049.1.0_1947.3858
TolC	TolC.3000237.FJ768952.0_1488.563
TriA	TriA.3003679.NC_002516.2.177306_178458.3380
TriB	TriB.3003680.NC_002516.2.178454_179525.3381
TriC	TriC.3003681.NC_002516.2.179521_182569.3382
Type_-	Type_A_NfxB.3004059.NC_002516.2.5155560_5156124.4022	Type_B_NfxB.3004060.NC_002516.2.5155560_5156124.4023
VCC_1	VCC_1.3003713.KT818596.10010_10865.3430
VEB_-	VEB_1.3002370.NC_010410.1.3660736_3661636.4729	VEB_1b.3003712.AF324834.1.0_900.3416	VEB_2.3002371.AY027870.46_946.1329	VEB_3.3002372.AY536519.37_937.1406	VEB_4.3002373.EF136375.0_900.1498	VEB_5.3002375.EF420108.37_937.1576	VEB_6.3002374.EU259884.2.6411_7311.4701	VEB_7.3002376.FJ825622.0_900.1728	VEB_8.3002377.JX679208.0_900.1805	VEB_9.3002378.AF324833.1.0_900.3589
VIM_-	VIM_1.3002271.AF317511.187_988.1962	VIM_10.3002280.AY524989.0_801.2040	VIM_11.3002281.AY605049.127_928.853	VIM_12.3002282.DQ143913.1774_2575.934	VIM_13.3002283.DQ365886.0_801.1005	VIM_14.3002284.AY635904.0_801.1082	VIM_15.3002285.EU419745.0_801.1164	VIM_16.3002286.EU419746.0_801.1251	VIM_17.3002287.EU118148.1010_1811.1330	VIM_18.3002288.AM778091.26_815.1407	VIM_19.3002289.FJ822963.0_801.1499	VIM_2.3002272.EF614235.2948_3749.1577	VIM_20.3002290.GQ414736.0_801.1654	VIM_23.3002293.GQ242167.0_801.1729	VIM_24.3002294.HM855205.0_801.1806	VIM_25.3002295.HM750249.90_891.1890	VIM_26.3002296.FR748153.259_1060.1963	VIM_27.3002297.HQ858608.0_801.2041	VIM_28.3002298.JF900599.0_801.854	VIM_29.3002299.JX311308.0_801.935	VIM_3.3002273.AF300454.0_801.1006	VIM_30.3002300.JN129451.87_888.1083	VIM_31.3002301.JN982330.245_1046.1165	VIM_32.3002302.JN676230.1549_2350.1252	VIM_33.3002303.JX258134.0_801.1331	VIM_34.3002304.JX013656.0_801.1408	VIM_35.3002305.JX982634.0_801.1500	VIM_36.3002306.JX982635.0_801.1578	VIM_37.3002307.JX982636.0_801.1655	VIM_38.3002308.KC469971.0_801.1730	VIM_39.3002309.KF131539.0_801.1807	VIM_4.3002274.AM087411.127_928.1891	VIM_42.3003178.KP071470.0_801.2128	VIM_43.3003179.KP096412.0_801.2129	VIM_5.3002275.AY144612.0_801.855	VIM_6.3002276.AY165025.0_801.936	VIM_8.3002278.AY524987.0_801.1084	VIM_9.3002279.AY524988.0_801.1166
VIM_7	VIM_7.3002277.AJ536835.149_947.1007
VatI	VatI.3003987.KX531050.1.0_633.3859
Vibrio_anguillarum_chloramphenicol	Vibrio_anguillarum_chloramphenicol.3004460.S48276.1.478_1129.4432
Vibrio_cholerae_OmpT	Vibrio_cholerae_OmpT.3004118.AF079766.786_1821.4105
Vibrio_cholerae_OmpU	Vibrio_cholerae_OmpU.3004117.KJ699300.0_1056.4097
YojI	YojI.3003952.NC_000913.3.2306971_2308615.4605
aadA-	aadA.3002601.NC_004998.1.80976_81768.4582	aadA12.3002612.FJ381668.56_848.57	aadA15.3002615.DQ393783.1799_2591.116	aadA17.3002617.FJ460181.1790_2582.160	aadA21.3002618.AY171244.46_838.195	aadA22.3002619.AM261837.73_865.238	aadA23.3002620.AJ809407.118_898.280	aadA24.3002621.DQ677333.0_780.330	aadA25.3003197.CP003022.336788_337580.3329	aadA3.3002603.AF047479.1295_2087.372	aadA8.3002608.AY139603.106_898.558
aadA-_1	aadA4.3002604.AY138986.0_789.408	aadA5.3002605.AF137361.63_852.471
aadA13	aadA13.3002613.NG_036525.633_1431.3363
aadA14	aadA14.3002614.AJ884726.1.539_1325.4676
aadA16	aadA16.3002616.EU675686.3196_4042.373
aadA2	aadA2.3002602.AF156486.5012_5792.3404
aadA7	aadA7.3002607.AB114632.655_1453.516
aadA9	aadA9.3002609.DQ390458.3095_3995.4491
aadK	aadK.3002627.AL009126.2735681_2736536.4533
abcA	abcA.3003942.XM_748018.1.0_4359.4691
abeM	abeM.3000753.AB204810.186_1533.671
abeS	abeS.3000768.CP001172.1.1249018_1249348.4569
acrA	acrA.3004041.AJ318073.1.793_1990.3994
acrA_1	acrA.3004042.DQ679966.299_1493.3995
acrA_2	acrA.3004043.NC_000913.3.484425_485619.4535
acrB	acrB.3000216.NC_000913.3.481253_484403.4736
acrD	acrD.3000491.NC_007779.2586250_2589364.664
acrR	acrR.3003807.NC_000913.3.485760_486408.3575
acrR_1	acrR.3003373.CP000647.489264_489915.2069
acrR_2	acrR.3003374.AJ306389.1.636_1287.4661
adeA	adeA.3000774.AF370885.1.3438_4629.4256
adeB	adeB.3000775.AF370885.1.4628_7736.4257
adeC	adeC.3003811.CP013924.1.2063742_2065140.3839
adeF	adeF.3000777.CT025801.2.0_3180.4252
adeG	adeG.3000778.CT025800.2.0_1221.4251
adeH	adeH.3000779.CT025802.2.0_1452.4253
adeI	adeI.3000780.NC_011586.3278907_3280158.526
adeJ	adeJ.3000781.AY769962.2434_5611.1
adeK	adeK.3000782.AY769962.5610_7065.674
adeL	adeL.3000620.KR297239.1.414_1428.4541
adeN	adeN.3000559.KF147862.0_654.569
adeR	adeR.3000553.HM440348.0_744.711
adeS	adeS.3000549.HM440348.775_1861.596
ampC	ampC.3004292.AY632076.1.0_1173.4197
ampC_1	ampC.3004291.NC_007494.2.874560_875703.4196
ampC_2	ampC.3004290.NC_000913.3.4377810_4378944.4478
amrA	amrA.3002982.NC_006350.1.2150965_2152165.4697
amrB	amrB.3002983.NC_006350.1.2147817_2150949.4551
apmA	apmA.3003918.FN806789.3.2693_3518.3717
arlR	arlR.3000838.NC_009641.1.1461588_1462248.4708
arlS	arlS.3000839.NC_007795.1.1360280_1361636.4471
armA	armA.3000858.GU437214.1.0_774.3397
arnA	arnA.3002985.NC_002516.2.3982020_3984009.3373
arr_-	arr_2.3002847.AF078527.4387_4840.480	arr_3.3002848.EU675686.1956_2409.707
arr_1	arr_1.3002846.AF001493.0_432.393
arr_4	arr_4.3002849.EF660562.1671_2124.524
arr_5	arr_5.3002850.EF660563.392_845.567
arr_7	arr_7.3002852.FN397623.1188_1641.603
arr_8	arr_8.3002853.KC199968.0_453.682
bacA	bacA.3002986.U00096.3.3203309_3204131.4677
baeR	baeR.3000828.NC_007779.2166412_2167135.676
baeS	baeS.3000829.AP009048.2165012_2166416.608
basR	basR.3003582.NC_002516.2.5364070_5364736.3673
basS	basS.3003583.JQ340365.0_1434.3375
bcrA	bcrA.3002987.L20573.297_1218.745
bcrB	bcrB.3002988.L20573.1317_1944.585
bcrC	bcrC.3003250.L20573.2064_2676.2050
bcr_1	bcr_1.3003801.CP012901.1.5979156_5980365.4627
blaF	blaF.3003562.L25634.1273_2158.3317
blaI	blaI.3000160.EF540343.1.1059_1440.4710
blaR1	blaR1.3000217.EF540343.1.1463_3230.4663
blaZ	blaZ.3000621.CP000732.1.9682_10528.4586
blt	blt.3003006.L32599.1236_2439.710
bmr	bmr.3003007.M33768.194_1364.86
carA	carA.3002817.M80346.0_1656.90
carO	carO.3003808.KP658477.1.0_729.3576
cat-	catD.3002682.AF226276.1.3583_4207.3590	catP.3002686.U15027.0_624.571
catB	catB.3002674.M93113.0_660.174
catB10	catB10.3003110.AJ878850.1196_1829.70
catB2	catB2.3002675.NC_004771.3524_4157.4585
catB3	catB3.3002676.NC_019368.1.58200_58833.3699
catB8	catB8.3002680.NG_035647.1.811_1444.3700
catB9	catB9.3002681.AF462019.26_656.386
catII	catII.3002684.X53797.133_775.742
catIII	catIII.3002685.X07848.271_913.528
catQ	catQ.3002687.M55620.0_660.607
catV	catV.3004357.KY753886.1.0_660.4232
cdeA	cdeA.3003835.AJ574887.1.370_1696.4621
ceoA	ceoA.3003009.U97042.0_1218.302
ceoB	ceoB.3003010.U97042.1263_4347.121
cepA	cepA.3003559.U05883.555_1458.3285
cfrA	cfrA.3003441.AM408573.10027_11077.4584
cfrC	cfrC.3004146.NC_009495.1.3035492_3036527.4483
chrB	chrB.3001302.AY509120.22652_23495.4490
cipA	cipA.3003907.NC_013406.1.3931126_3932167.4614
clbA	clbA.3002814.CP006845.1.539695_540745.4248
clbB	clbB.3002815.NC_012491.1.4758175_4759207.4460
clbC	clbC.3002816.AP006627.1.1162417_1163470.4249
cmeA	cmeA.3000783.CP000768.1405391_1406495.431
cmeB	cmeB.3000784.CP000768.1406494_1409617.166
cmeC	cmeC.3000785.AB894099.4218_5697.492
cmeR	cmeR.3000526.NC_002163.1.336915_337548.4722
cmlA-	cmlA.3002691.AJ487033.1685_2858.623	cmlA1.3002693.AF458080.1504_2764.617	cmlA4.3002694.AF156486.3648_4908.656	cmlA5.3002695.AY115475.3337_4597.695	cmlA6.3002696.AF294653.2749_4009.728
cmlB	cmlB.3002698.AF034958.0_1230.17
cmlB1	cmlB1.3002699.AM296481.775_2041.731
cmlR	cmlR.3002690.X59968.507_1686.755
cmlv	cmlv.3002700.U09991.27_1338.82
cmrA	cmrA.3002702.AF015087.435_1611.699
cmx	cmx.3002703.AF024666.35934_37110.3
cpaA	cpaA.3003994.KX531054.1.0_486.3865
cphA2+	cphA2.3003099.U60294.0_765.3364	cphA3.3003093.AY112998.196_961.820	cphA5.3003101.AY227051.0_765.1501	cphA6.3003102.AY227052.0_765.1579	cphA7.3003103.X57102.147_912.1656	cphA8.3003104.AY261375.0_765.1731	imiH.3003094.AJ548797.923_1688.1808	imiS.3003095.Y10415.125_893.1892
cpxA	cpxA.3000830.NC_002695.1.4903561_4904935.4465
dfrA-	dfrA13.3003012.Z50802.717_1215.491	dfrA21.3003017.AM932669.105_603.383	dfrA22.3003018.FM957884.87_585.419
dfrA-_1	dfrA17.3002860.DQ838665.0_474.291	dfrA7.3002862.FJ854362.2338_2812.525
dfrA1	dfrA1.3002854.AJ400733.1.21_585.3594
dfrA10	dfrA10.3003011.KF976462.111558_112122.686
dfrA12	dfrA12.3002858.KJ363320.72_570.171
dfrA14	dfrA14.3002859.EU780012.2162_2645.206
dfrA15	dfrA15.3003013.KF534911.39_513.2102
dfrA16	dfrA16.3003014.AF174129.1351_1825.2103
dfrA19	dfrA19.3003015.AJ310778.7003_7573.716
dfrA20	dfrA20.3003016.AJ605332.1303_1813.342
dfrA23	dfrA23.3003019.AJ746361.6742_7303.4587
dfrA24	dfrA24.3002856.AJ972619.82_640.66
dfrA25	dfrA25.3003020.DQ267940.53_512.49
dfrA26	dfrA26.3002857.AM403715.302_854.111
dfrA2d	dfrA2d.3002855.AY973253.1.125_362.4174
dfrA3	dfrA3.3003105.J03306.0_489.69
dfrA5	dfrA5.3002861.DQ278190.0_474.2104
dfrA8	dfrA8.3002863.KJ174469.710_1220.568
dfrB-	dfrB1.3002864.AY139601.110_404.538	dfrB6.3003023.GU060319.624_861.430
dfrB2	dfrB2.3003021.BR000038.0_237.354
dfrB3	dfrB3.3003022.GQ150744.122_359.392
dfrC	dfrC.3002865.AE015929.1.1128933_1129419.4707
dfrD	dfrD.3002866.U43152.93_582.683
dfrE	dfrE.3002875.AIIS01000002.1.233812_234307.4696
dfrF	dfrF.3002867.AF028812.392_887.677
dfrG	dfrG.3002868.AB205645.1012_1510.750
dfrK	dfrK.3002869.FN812951.0_492.50
eatAv	eatAv.3003761.KF010779.1.0_1503.3626
efmA	efmA.3003954.AB467372.1.284_1571.3757
efpA	efpA.3003955.NC_000962.3.3153038_3154631.4603
embA	embA.3003453.CP003248.4243410_4246695.2081
embB	embB.3003325.BX248333.4182808_4186105.3355	embB.3003326.AL123456.4246513_4249810.2078	embB.3003465.AE000516.4238826_4242123.3327
embC	embC.3003327.CP003248.4240040_4243325.2080
embR	embR.3003455.AL123456.3.1416180_1417347.4712
emeA	emeA.3003551.AB091338.173_1355.3290
emrA	emrA.3000027.AP009048.2810082_2811255.411
emrB	emrB.3000074.U00096.2812615_2814154.20
emrE	emrE.3004038.NC_002516.2.5606102_5606435.4411
emrE_1	emrE.3004039.Z11877.1.485_818.4413
emrK	emrK.3000206.D78168.536_1592.173
emrR	emrR.3000516.NC_000913.3.2810769_2811300.3621
emrY	emrY.3000254.D78168.1591_3130.65
eptA	eptA.3003576.AP009048.4338624_4340268.4556
ethA	ethA.3003458.AE000516.2.4318327_4319797.4455
evgA	evgA.3000832.NC_002695.3211891_3212506.208
evgS	evgS.3000833.U00096.2484373_2487967.178
fabG	fabG.3004049.NC_000913.3.1150669_1151404.4014
fabI	fabI.3004045.NC_000913.3.1350250_1351039.4531
facT	facT.3001313.JQ768046.7760_9440.687
farA	farA.3003961.NC_003112.2.329612_330767.3759
farB	farB.3003962.NC_003112.2.330790_332317.3760
fexA	fexA.3002704.AJ549214.176_1604.490
floR+	floR.3002705.AF231986.3307_4522.101	pp_flo.3002812.D37826.1070_2195.285
folC	folC.3004157.NC_000962.3.2746134_2747598.4481
folP	folP.3003389.AL450380.296695_297550.2070
folP_1	folP.3003386.NC_000913.3.3324062_3324911.4453
folP_2	folP.3003387.AE009949.878481_879282.2095
fusA	fusA.3003735.BX571856.599702_601784.3510
fusB	fusB.3003552.AY047358.1710_2352.3451
fusC	fusC.3003733.NC_002953.52819_53458.3507
fusE	fusE.3003737.CP002114.2.2306994_2307531.4642
fusH	fusH.3003026.Z50108.238_1768.201
gadW	gadW.3003838.CP015085.1.2551711_2552440.4620
gadX	gadX.3000508.NC_007779.3974604_3975429.615
gidB	gidB.3003470.AL123456.4407527_4408202.4553
gimA	gimA.3000463.AJ223970.796_2050.626
golS	golS.3000504.NC_003197.400859_401324.627
gshF	gshF.3003805.NZ_CP014949.1.1661364_1663635.4626
gyrA	gyrA.3003298.AL450380.7317_11067.2059
gyrA_1	gyrA.3003297.AF469609.566_3353.2058
gyrA_10	gyrA.3003789.NC_002163.1.957630_960222.4631
gyrA_11	gyrA.3003295.AL123456.7301_9818.2055
gyrA_12	gyrA.3003931.ACLQ01000019.1.24238_26749.3733
gyrA_13	gyrA.3003995.NC_009089.1.6065_8492.3887
gyrA_14	gyrA.3003702.AB003428.1.151_2416.3408
gyrA_2	gyrA.3003684.NC_002516.2.3556426_3559198.4654
gyrA_3	gyrA.3003928.NC_002946.2.618438_621189.4610
gyrA_4	gyrA.3003817.CP010781.1.2990040_2992755.4623
gyrA_5	gyrA.3003974.CP003084.1.1004589_1007265.4442
gyrA_6	gyrA.3003296.NC_002952.7004_9665.2057
gyrA_7	gyrA.3003924.NC_015964.1.1996520_1999166.3727
gyrA_8	gyrA.3003926.NC_003197.2.2373709_2376346.4611	gyrA.3004334.NC_003197.2.2373709_2376346.4476
gyrA_9	gyrA.3003294.U00096.3.2336792_2339420.4695	gyrA.3003940.NC_004337.2.2352231_2354859.4607	gyrA.3004335.U00096.3.2336792_2339420.4469
gyrB	gyrB.3003302.NC_008783.1406995_1409425.2062
gyrB_1	gyrB.3003303.AP009048.3760295_3762710.2063	gyrB.3003307.NC_003197.2.4038867_4041282.4684
gyrB_2	gyrB.3003306.NC_020418.1.545199_547614.4567
gyrB_3	gyrB.3003304.AL450380.5228_7265.2066
hmrM	hmrM.3003953.NC_017452.1.1144673_1146068.4604
hp1181	hp1181.3003964.NC_000915.1.1249487_1250819.3761
ileS	ileS.3003730.NC_014638.1.1610636_1613960.4637
ileS_1	ileS.3003729.X74219.90_2844.3538
inhA	inhA.3003393.AL123456.1674201_1675011.2085
iniA	iniA.3003448.AL123456.410837_412760.2099
iniB	iniB.3004135.NC_000962.3.409361_410801.4184
iniC	iniC.3003451.AL123456.412756_414238.2100
iri	iri.3002884.U56415.279_1719.474
kamB	kamB.3004102.NG_050561.1.100_748.4082
kasA	kasA.3003463.AL123456.2518114_2519365.2084
katG	katG.3003392.NC_000962.3.2153888_2156111.4732
kdpE	kdpE.3003841.NC_000913.3.721055_721733.4618
liaF	liaF.3003077.AE016830.1.2790820_2791552.4744
liaF_1	liaF.3003790.LN999844.1.1854250_1854982.4630
liaR	liaR.3003078.CP003583.914819_915452.40
liaR_1	liaR.3003792.NC_004668.1.2789113_2789746.4628
liaS	liaS.3003791.AE016830.1.2789720_2790824.4629
liaS_1	liaS.3003079.CP003583.913745_914813.37
linG+	linG.3002879.DQ836009.1.1309_2131.4180	lnuF.3002839.AJ561197.1320_2142.61
lmrA	lmrA.3003028.AL009126.3.290131_290698.4667
lmrB	lmrB.3002813.JYFL01000006.1.112069_113503.4568
lmrP	lmrP.3003969.CP000259.1.1769089_1770310.4602
lnuA	lnuA.3002835.AM399080.1.1664_2150.4452
lnuB	lnuB.3002836.KC688833.0_804.726
lnuC	lnuC.3002837.AY928180.0_495.110
lnuD	lnuD.3002838.EF452177.0_495.153
lnuE	lnuE.3003762.KF287643.0_522.3515
lnuG	lnuG.3004085.KX470419.1.3811_4615.4181
lrfA	lrfA.3003967.U40487.1.170_1685.3766
lsaA	lsaA.3000300.AY587982.309_1806.71
lsaB	lsaB.3003111.NC_005076.4149_5628.5
lsaC	lsaC.3003112.HM990671.5192_6671.76
lsaE	lsaE.3003206.JX560992.11387_12872.3296
macA	macA.3000533.AY768531.0_1179.578
macB	macB.3000535.AY768532.0_1935.539
marA	marA.3000263.NC_007779.1621287_1621671.579
marR	marR.3003378.U00096.1619119_1619554.2097
mdfA	mdfA.3001328.JQ394987.0_1233.561
mdsA	mdsA.3000789.NC_003197.2.397057_398284.4536
mdsB	mdsB.3000790.NC_003197.2.393893_397061.4709
mdsC	mdsC.3000791.NC_003197.2.392419_393931.4731
mdtA	mdtA.3000792.U00096.2154015_2155263.15
mdtB	mdtB.3000793.U00096.2155262_2158385.215
mdtC	mdtC.3000794.U00096.2158385_2161463.257
mdtE	mdtE.3000795.AP009048.1.3980025_3981183.4673
mdtF	mdtF.3000796.U00096.3660413_3663527.286
mdtG	mdtG.3001329.CP000800.1.1191727_1192954.4574
mdtH	mdtH.3001216.U00096.1124117_1125326.4493
mdtM	mdtM.3001214.U00096.3.4567286_4568519.4730
mdtN	mdtN.3003548.AP009048.1.4306556_4307588.4705
mdtO	mdtO.3003549.AP009048.1.4304505_4306557.4664
mdtP	mdtP.3003550.AP009048.1.4303042_4304509.4454
mecA	mecA.3000617.KC243783.0_2007.227
mecB	mecB.3003440.AB498758.3738_5762.3282
mecC	mecC.3001209.NC_017349.1.35680_37678.4590
mecD	mecD.3004185.KY013611.1.15437_17474.4173
mecI	mecI.3000124.BA000018.3.48893_49265.4247
mecR1	mecR1.3000215.NC_009487.40848_42606.351
mefA	mefA.3000615.NC_023287.1.65291_66509.4665
mefC	mefC.3003745.AB571865.1.144312_145536.4640
mefE	mefE.3000614.NC_003098.953382_954594.26
mef_B_	mef_B_.3003107.FJ196385.1.11083_12313.4728
mel	mel.3000616.NC_012469.1.1800927_1802391.4723
menA	menA.3003917.NC_007795.1.951801_952740.4613
mepA	mepA.3000026.AY661734.1.839_2195.3623
mepR	mepR.3000746.NC_009782.379934_380354.80
mexM	mexM.3003704.AB219523.1.21_1179.3409
mexN	mexN.3003705.AB219523.1.1175_4286.3410
mexP	mexP.3003698.AB219524.1.22_1180.3405
mexQ	mexQ.3003699.AB219524.1.1176_4338.3406
mexX	mexX.3003034.AB015853.145_1315.244
mexY	mexY.3003033.AB015853.1330_4471.414
mfpA	mfpA.3003035.AL123456.3773015_3773567.4588
mgrA	mgrA.3000815.NC_002745.2.735416_735860.4468
mgrB	mgrB.3003820.NC_000913.3.1908622_1908766.3586
mgtA	mgtA.3000462.DQ185434.0_1257.311
mipA	mipA.3004127.NC_002695.2467330_2468077.4103
mphA	mphA.3000316.D16251.1.1625_2531.4720
mphB	mphB.3000318.D85892.1158_2067.637
mphC	mphC.3000319.AM180066.788_1688.648
mphD	mphD.3003741.CP016215.1.74426_75311.3951
mphE	mphE.3003071.NZ_AGSO01000004.76451_77432.602
mphG	mphG.3003742.AB571865.1.143423_144308.4641
mphI	mphI.3003991.KX531056.1.0_927.3863
mprF	mprF.3003773.CP000312.1.1756064_1757774.4635
mprF_1	mprF.3003772.AE014292.568280_570923.3545
mprF_2	mprF.3003770.NC_003210.1.1758693_1761291.4636
mprF_3	mprF.3003324.AL009126.916777_919348.3342
mprF_4	mprF.3003774.AE009948.1.2111276_2113820.4634
mprF_5	mprF.3003319.HM140977.0_2511.3542	mprF.3003769.HM140977.0_2511.59
msbA	msbA.3003950.NC_000913.3.966620_968369.3754
msrA	msrA.3000251.NC_022598.1.14791_16258.4185
msrC	msrC.3002819.AF313494.0_1479.363
msrE	msrE.3003109.NC_007682.20649_22125.149
mtrA	mtrA.3000816.AL123456.3.3626662_3627349.4690
mtrC	mtrC.3000810.NC_003112.2.1795181_1796420.4711
mtrD	mtrD.3000811.NC_003112.2.1791966_1795170.4670
mtrE	mtrE.3000812.X95635.259_1663.400
mtrR	mtrR.3000817.CP001050.1.1332866_1333499.4254
mupA	mupA.3000521.X75439.476_3551.3523
mupB	mupB.3000510.JQ231224.90_3192.3524
murA	murA.3003785.AY152390.0_1335.3556
murA_1	murA.3003777.NC_001318.1.490643_491927.4409
murA_2	murA.3003776.BX571856.1.2257045_2258311.4633
murA_3	murA.3003775.CP009072.1414817_1416077.3548
murA_4	murA.3003784.HE608151.1472985_1474242.3555
myrA	myrA.3001300.D16099.409_1297.204
nalC	nalC.3000818.NC_002516.4166517_4167159.187
nalD	nalD.3000819.NC_002516.4006509_4007148.232
nfsA	nfsA.3003751.NC_000913.3.891183_891906.3520
norA	norA.3000391.AY566250.391_1555.268
norB	norB.3000421.HE999704.1.2734780_2736181.4734
novA	novA.3002522.AF170880.0_1848.344
npmA	npmA.3002665.AB261016.3068_3728.273
oleB	oleB.3003036.L36601.1420_3130.3347
oleC	oleC.3003748.L06249.1527_2505.3518
oleD	oleD.3000865.DQ195536.2.0_1248.4240
oleI	oleI.3000866.DQ195535.0_1275.498
ompF	ompF.3003390.NC_000913.3.985893_986982.4451
opmE	opmE.3003700.AB219524.1.4334_5810.3407
oprD	oprD.3003686.NC_002516.2.1043982_1045314.4650
optrA	optrA.3003746.KP399637.31476_33444.3517
oqxA	oqxA.3003922.NC_010378.1.46651_47827.3725
oqxB	oqxB.3003923.NC_010378.1.47850_51003.3726
otr_A_	otr_A_.3002891.X53401.0_1992.660
otr_B_	otr_B_.3002892.AF079900.39_1731.697
parC	parC.3003311.AE005672.800699_803171.2068
parC_1	parC.3003312.NC_002952.1419759_1422162.2067
parC_2	parC.3003929.NC_002946.2.1210523_1212827.3731
parC_3	parC.3003308.U00096.3.3163714_3165973.4704	parC.3003941.NC_004337.2.3159154_3161413.4606
parC_4	parC.3003939.NC_003197.2.3336953_3339212.4608
parC_5	parC.3003925.NC_015964.1.1905162_1907418.3728
parC_6	parC.3003818.CP012952.1.3861302_3863522.4622
parE	parE.3003314.D67075.1.384_2376.3681	parE.3003315.NC_002952.1417762_1419760.2101
parE_1	parE.3003316.NC_007779.1.3172159_3174052.4739
parE_2	parE.3003317.NC_003197.2.3343968_3345861.4714
parE_3	parE.3003685.NC_002516.2.5576027_5577917.4653
parY	parY.3003318.AF235050.4.38028_40140.3557
patA	patA.3000024.NC_000913.3.3219493_3220873.3692
patB	patB.3000025.NC_003098.1.1359228_1360395.4660
pgpB	pgpB.3003920.AP009380.1.573191_573902.4612
pgsA	pgsA.3003323.NC_003923.1278585_1279164.3553
pgsA_1	pgsA.3003788.AB016245.1664_2807.3558
pmrA	pmrA.3000822.NC_003098.1.866210_867410.3674
pncA	pncA.3003394.AL123456.2288680_2289241.4593
porin_OmpC	porin_OmpC.3004114.KY086517.0_1104.4096
poxtA	poxtA.3004470.MF095097.1.1855_3484.4458
qac-	qacA.3003046.AB566411.0_1545.265	qacB.3003047.AF535087.28_1573.307
qacH	qacH.3003836.DQ149925.1.188_521.3598
ramA	ramA.3000823.JQ727668.0_375.289
ramR	ramR.3003379.CP001138.1.613435_614017.4674
ramR_1	ramR.3003380.CP000647.1.622039_622621.4572
rgt1438	rgt1438.3002883.JX028276.1.35585_36821.4461
ribD	ribD.3004184.NC_000962.3.2986838_2987615.4172
rmtA	rmtA.3000859.AB083212.0_756.533
rmtB	rmtB.3000860.NC_010558.116479_117235.575
rmtC	rmtC.3000861.KJ476816.1.79_925.3396
rmtD	rmtD.3002667.EU269034.2.1479_2223.4675
rmtF	rmtF.3002666.JQ808129.1598_2378.691
rmtG	rmtG.3002668.JX486113.0_795.93
rmtH	rmtH.3003198.KC544262.665_1424.3309
rosA	rosA.3003048.U46859.1.24294_25527.4717
rosB	rosB.3003049.U46859.22365_24057.4555
rphA	rphA.3000444.KJ151292.294_2892.7
rphB	rphB.3003992.KX531052.1.0_2655.3864
rpoB	rpoB.3003288.NC_002695.4990140_4994169.2096
rpoB2	rpoB2.3000501.AP006618.1.4835199_4838688.4176
rpoB_1	rpoB.3003285.NC_002952.590830_594382.2113	rpoB.3003287.NC_002952.590830_594382.3332
rpoB_2	rpoB.3003284.AL450380.2273268_2276805.4581
rpoB_3	rpoB.3003283.AL123456.3.759806_763325.4199
rpoC	rpoC.3003291.NC_002952.594518_598142.2053
rpsJ	rpsJ.3003930.NC_002946.2.1807358_1807670.4609
rpsL	rpsL.3003395.AE000516.783533_783908.2087
rrnS	rrnS.3003978.NC_005353.1.38549_40023.4108
rrsB+	Escherichia_coli_16S.3003223.U00096.4166659_4168200.3234	rrnB.3003377.U00096.4166659_4168200.3239	rrnB.3003406.U00096.4166659_4168200.3237	rrnB.3003411.U00096.4166659_4168200.3236	rrsB.3003376.U00096.4166659_4168200.3240	rrsB.3003396.U00096.4166659_4168200.3233	rrsB.3003397.U00096.4166659_4168200.3230	rrsB.3003399.U00096.4166659_4168200.3232	rrsB.3003402.U00096.4166659_4168200.3235	rrsB.3003403.U00096.4166659_4168200.3238	rrsB.3003405.U00096.4166659_4168200.3231	rrsB.3003408.U00096.4166659_4168200.3241	rrsB.3003410.U00096.4166659_4168200.3242	rrsC.3003333.U00096.3941808_3943349.3229	rrsD.3003512.AE006468.3570463_3572006.3227	rrsH.3003372.U00096.223771_225312.3228
salA	salA.3003749.KC693025.0_1626.3519
sdiA	sdiA.3000826.NC_003197.2.2039654_2040377.4473
sgm	sgm.3000862.NG_050600.100_925.3696
smeA	smeA.3003051.AF173226.2558_3755.496
smeB	smeB.3003052.AF173226.3767_6917.521
smeC	smeC.3003053.AF173226.6913_8329.155
smeD	smeD.3003055.AJ252200.81_1266.570
smeE	smeE.3003056.AJ252200.1278_4401.564
smeF	smeF.3003057.AJ252200.4493_5894.509
smeR	smeR.3003066.AF173226.1.351_1041.4694
smeS	smeS.3003067.AF173226.1037_2441.4492
soxR	soxR.3003381.U00096.4277468_4277933.2074
soxR_1	soxR.3003382.NC_003198.1.4349504_4349963.3574
soxR_2	soxR.3004107.NC_002516.2.2503424_2503895.4488
soxS	soxS.3003383.NC_003197.2.4503985_4504309.4686
soxS_1	soxS.3003511.NC_000913.3.4277059_4277383.4659
spd	spd.3002631.KC895984.1081_1855.758
srmB	srmB.3002828.X63451.0_1653.189
sul1	sul1.3000410.JF969163.1053_1893.340
sul2	sul2.3000412.AY055428.1.20268_21084.4745
sul3	sul3.3000413.FJ196385.8531_9323.4494
sul4	sul4.3004361.NG_056174.1.100_964.4260
tap	tap.3000343.AJ000283.619_1849.75
tcr3	tcr3.3002893.D38215.0_1539.332
tet-	tetW.3000194.EU434751.658_2578.657	tet_W_N_W_.3004442.KU736867.1.19653_21573.4270
tet32	tet32.3000196.AJ295238.3.163_2083.4245
tet36	tet36.3000197.AJ514254.0_1923.374
tet37	tet37.3002871.AF540889.0_327.24
tet44	tet44.3000556.FN594949.25244_27167.410
tetA_46_	tetA_46_.3004032.HQ652506.1.373_2098.3976
tetA_48_	tetA_48_.3003980.KX531044.1.0_1032.3853
tetA_60_	tetA_60_.3004035.KX000272.1.0_1740.3978
tetA_P_	tetA_P_.3000180.L20800.1062_2325.30
tetB_46_	tetB_46_.3004033.HQ652506.1.2099_3836.3977
tetB_48_	tetB_48_.3003981.KX531045.1.0_816.3854
tetB_60_	tetB_60_.3004036.KX000273.1.0_1740.3979
tetB_P_	tetB_P_.3000195.L20800.2308_4267.473
tetM	tetM.3000186.AM180355.600033_601953.560
tetO	tetO.3000190.M18896.2.206_2126.4234
tetQ	tetQ.3000191.Z21523.0_1974.476
tetR	tetR.3003479.AL513383.179218_179845.2090
tetS	tetS.3000192.L09756.0_1926.619
tetT	tetT.3000193.L42544.0_1956.520
tetX	tetX.3000205.M37699.585_1752.79
tet_-	tet_A_.3000165.NC_002134.1.41537_42743.4693	tet_B_.3000166.AB089595.0_1206.325
tet_30_	tet_30_.3000561.AF090987.0_1185.606
tet_31_	tet_31_.3000476.AJ250203.1650_2883.3344
tet_33_	tet_33_.3000478.AJ420072.1.22939_24163.4246
tet_35_	tet_35_.3000481.AF353562.1.2212_3322.4666
tet_38_	tet_38_.3000565.AY825285.0_1353.537
tet_39_	tet_39_.3000566.AY743590.0_1188.161
tet_40_	tet_40_.3000567.JQ740052.2108_3329.741
tet_41_	tet_41_.3000569.AY264780.2.1824_3006.4689
tet_42_	tet_42_.3000572.EU523697.686_1973.734
tet_59_	tet_59_.3004441.KU736879.1.22312_23515.4269
tet_C_	tet_C_.3000167.AY043299.1.3984_5175.4420
tet_D_	tet_D_.3000168.BX664015.1.204137_204554.4735
tet_E_	tet_E_.3000173.L06940.0_1218.587
tet_G_	tet_G_.3000174.AF133139.0_1176.239
tet_H_	tet_H_.3000175.Y15510.0_1203.732
tet_J_	tet_J_.3000177.AF038993.0_1197.413
tet_K_	tet_K_.3000178.NC_013452.2917_4297.96
tet_L_	tet_L_.3000179.M11036.0_1377.518
tet_V_	tet_V_.3000181.AF030344.1.461_1721.4742
tet_Y_	tet_Y_.3000182.AF070999.1679_2855.3343
tet_Z_	tet_Z_.3000183.AF121000.0_1155.281
thyA	thyA.3004153.NC_000962.3.3073679_3074471.4482
tlrB	tlrB.3001299.AF055922.1787_2630.546
tlrC	tlrC.3002827.M57437.0_1647.158
tlyA	tlyA.3003445.AE000516.1908741_1909548.2076
tmrB	tmrB.3003059.AL009126.3.339155_339749.4679
tsnR	tsnR.3003060.L39157.1.345_1158.4186
ugd	ugd.3003577.U00096.2098446_2099613.4591
vanA	vanA.3000010.M97297.6979_8010.3277
vanB	vanB.3000013.KF823969.5110_6139.107
vanC	vanC.3000368.AF162694.1410_2442.150
vanD	vanD.3000005.AY082011.5900_6932.179
vanE	vanE.3002907.FJ872411.39735_40794.216
vanF	vanF.3002908.AF155139.5939_6971.258
vanG	vanG.3002909.DQ212986.5984_7034.300
vanHA	vanHA.3002942.M97297.6018_6986.3279
vanHB	vanHB.3002943.U35369.4006_4978.3452
vanHD	vanHD.3002944.AY082011.4936_5908.428
vanHF	vanHF.3002945.AF155139.4978_5947.487
vanHM	vanHM.3002947.FJ349556.3883_4864.534
vanHO	vanHO.3002948.KF478993.490_1543.576
vanI	vanI.3003723.LOCK01000072.1.166343_167390.4649
vanJ	vanJ.3002914.NC_003888.3968821_3969814.3441
vanKI	vanKI.3003727.NC_007907.1.4204949_4206077.4647
vanL	vanL.3002910.EU250284.954_2004.612
vanM	vanM.3002911.FJ349556.4856_5888.651
vanN	vanN.3002912.JF802084.559_1591.684
vanO	vanO.3002913.KF478993.1539_2580.675
vanRA	vanRA.3002919.M97297.3976_4671.3275
vanRB	vanRB.3002921.U35369.177_840.3453
vanRC	vanRC.3002922.AF162694.5192_5888.105
vanRD	vanRD.3002923.AY082011.0_699.122
vanRE	vanRE.3002924.FJ872411.43513_44203.167
vanRF	vanRF.3002925.AF155139.1511_2207.202
vanRG	vanRG.3002926.DQ212986.2258_2966.246
vanRI	vanRI.3003728.NC_007907.1.4201992_4202691.4646
vanRL	vanRL.3002927.EU250284.4730_5426.287
vanRM	vanRM.3002928.FJ349556.981_1680.337
vanRN	vanRN.3002929.JF802084.4337_5030.379
vanRO	vanRO.3002930.KF478993.1.6002_6704.4685
vanSA	vanSA.3002931.M97297.4649_5803.3276
vanSB	vanSB.3002932.U35369.839_2183.3454
vanSC	vanSC.3002933.AF162694.5877_6963.565
vanSD	vanSD.3002934.EU999036.688_1390.3440
vanSE	vanSE.3002935.FJ872411.44192_45266.649
vanSF	vanSF.3002936.AF155139.2199_3297.680
vanSG	vanSG.3002937.DQ212986.2979_4086.706
vanSL	vanSL.3002938.EU250284.5415_6510.744
vanSM	vanSM.3002939.FJ349556.1672_2785.44
vanSN	vanSN.3002940.JF802084.5019_6114.78
vanSO	vanSO.3002941.KF478993.4909_5947.4550
vanTC	vanTC.3002970.AF162694.3007_5104.151
vanTE	vanTE.3002971.FJ872411.41336_43445.180
vanTG	vanTG.3002972.DQ212986.7787_9926.217
vanTN	vanTN.3002975.JF802084.2161_4264.259
vanTmL	vanTmL.3002973.EU250284.2574_3564.301
vanTrL	vanTrL.3002974.EU250284.3557_4658.353
vanUG	vanUG.3004253.DQ212986.2029_2257.339
vanVB	vanVB.3004254.AE016830.2211932_2212277.4564
vanWB	vanWB.3002964.U35369.3182_4010.3455
vanWG	vanWG.3002965.DQ212986.5137_5983.535
vanWI	vanWI.3003724.NC_007907.1.2195400_2196522.4648
vanXA	vanXA.3002949.M97297.8016_8624.3281
vanXB	vanXB.3002950.U35369.6004_6613.3456
vanXD	vanXD.3003070.AY082011.6937_7546.652
vanXF	vanXF.3002952.AF155139.6976_7648.685
vanXI	vanXI.3003725.NG_055644.1.100_709.4230
vanXM	vanXM.3002953.FJ349556.5893_6502.717
vanXO	vanXO.3002954.KF478993.2576_3185.23
vanXYC	vanXYC.3002966.AF162694.2438_3011.39
vanXYE	vanXYE.3002967.FJ872411.40765_41347.106
vanXYG	vanXYG.3003069.DQ212986.7030_7795.123
vanXYL	vanXYL.3002968.EU250284.1996_2578.168
vanXYN	vanXYN.3002969.JF802084.1592_2165.203
vanYA	vanYA.3002955.M97297.9052_9963.3278
vanYB	vanYB.3002956.U35369.2358_3165.3457
vanYD	vanYD.3002957.AY082011.3848_4265.338
vanYF	vanYF.3002958.AF155139.3396_4278.380
vanYG1	vanYG1.3002959.DQ212986.4222_5062.416
vanYM	vanYM.3002961.FJ349556.3056_3758.479
vanZA	vanZA.3002962.M97297.10116_10601.3280
vanZF	vanZF.3002963.AF155139.4338_4959.566
varG	varG.3004289.AE003852.1.1674272_1675445.4194
vatA	vatA.3002840.L07778.0_660.144
vatB	vatB.3002841.U19459.66_705.3345
vatC	vatC.3002842.AF015628.1306_1945.211
vatD	vatD.3002843.AF368302.2716_3331.462
vatE	vatE.3002844.AF242872.3579_4224.507
vatF	vatF.3003744.AF170730.69_735.3514
vatH	vatH.3002845.GQ205627.3036_3687.253
vgaA-	vgaA.3002829.KC539823.1017_2586.376	vgaALC.3002830.DQ823382.0_1569.412
vgaB	vgaB.3000118.U82085.0_1659.475
vgaC	vgaC.3002831.KU302801.102199_102430.3686
vgaD	vgaD.3002832.GQ205627.1393_2971.519
vgaE	vgaE.3002833.FR772051.8740_10315.562
vgbA	vgbA.3001307.M20129.640_1540.4416
vgbB	vgbB.3001308.AF015628.398_1286.4415
vgbC	vgbC.3003990.KX531055.1.0_891.3862
vph	vph.3003061.X02393.96_960.62
walK	walK.3003794.BX571856.25616_27443.3565
y56_beta_lactamase	y56_beta_lactamase.3003558.AY954728.11_896.3318
ykkC	ykkC.3003063.AL009126.1376516_1376855.489
ykkD	ykkD.3003064.AL009126.1376854_1377172.536
